path,spoken_language,signed_language,start,end,words,glosses,priority
sgg/chase.pose,en,sgg,0,0,chase,chase,0
sgg/cat.pose,en,sgg,0,0,cat,cat,0
sgg/house.pose,en,sgg,0,0,house,house,0
sgg/mouse.pose,en,sgg,0,0,mouse,mouse,0
sgg/wind.pose,en,sgg,0,0,wind,wind,0
sgg/through.pose,en,sgg,0,0,through,through,0
sgg/than.pose,en,sgg,0,0,than,than,0
sgg/never.pose,en,sgg,0,0,never,never,0
sgg/leave.pose,en,sgg,0,0,leave,leave,0
sgg/late.pose,en,sgg,0,0,late,late,0
sgg/highway.pose,en,sgg,0,0,highway,highway,0
sgg/drive.pose,en,sgg,0,0,drive,drive,0
sgg/down.pose,en,sgg,0,0,down,down,0
sgg/car.pose,en,sgg,0,0,car,car,0
sgg/blow.pose,en,sgg,0,0,blow,blow,0
sgg/better.pose,en,sgg,0,0,better,better,0
sgg/magic.pose,en,sgg,0,0,magic,MAGIC,0
sgg/sausage.pose,en,sgg,0,0,sausage,SAUSAGE,0
sgg/congress.pose,en,sgg,0,0,congress,CONGRESS,0
sgg/stamp.pose,en,sgg,0,0,stamp,STAMP,0
sgg/balance.pose,en,sgg,0,0,balance,BALANCE,0
sgg/silver.pose,en,sgg,0,0,silver,SILVER,0
sgg/basement.pose,en,sgg,0,0,basement,BASEMENT,0
sgg/fly.pose,en,sgg,0,0,fly,FLY,0
sgg/fear.pose,en,sgg,0,0,fear,FEAR,0
sgg/bug.pose,en,sgg,0,0,bug,BUG,0
sgg/fire.pose,en,sgg,0,0,fire,FIRE,0
sgg/kill.pose,en,sgg,0,0,kill,KILL,0
sgg/holy.pose,en,sgg,0,0,holy,HOLY,0
sgg/ten.pose,en,sgg,0,0,ten,TEN,0
sgg/spit.pose,en,sgg,0,0,spit,SPIT,0
sgg/open.pose,en,sgg,0,0,open,OPEN,0
sgg/night.pose,en,sgg,0,0,night,NIGHT,0
sgg/small.pose,en,sgg,0,0,small,SMALL,0
sgg/duck.pose,en,sgg,0,0,duck,DUCK,0
sgg/restaurant.pose,en,sgg,0,0,restaurant,RESTAURANT,0
sgg/action.pose,en,sgg,0,0,action,ACTION,0
sgg/role.pose,en,sgg,0,0,role,ROLE,0
sgg/copy.pose,en,sgg,0,0,copy,COPY,0
sgg/what.pose,en,sgg,0,0,what,WHAT,0
sgg/dangerous.pose,en,sgg,0,0,dangerous,DANGEROUS,0
sgg/normal.pose,en,sgg,0,0,normal,NORMAL,0
sgg/mine.pose,en,sgg,0,0,mine,MINE,0
sgg/sick.pose,en,sgg,0,0,sick,SICK,0
sgg/brief.pose,en,sgg,0,0,brief,BRIEF,0
sgg/eraser.pose,en,sgg,0,0,eraser,ERASER,0
sgg/satisfy.pose,en,sgg,0,0,satisfy,SATISFY,0
sgg/soon.pose,en,sgg,0,0,soon,SOON,0
sgg/disgust.pose,en,sgg,0,0,disgust,DISGUST,0
sgg/store.pose,en,sgg,0,0,store,STORE,0
sgg/increase.pose,en,sgg,0,0,increase,INCREASE,0
sgg/write.pose,en,sgg,0,0,write,WRITE,0
sgg/visit.pose,en,sgg,0,0,visit,VISIT,0
sgg/vocabulary.pose,en,sgg,0,0,vocabulary,VOCABULARY,0
sgg/around.pose,en,sgg,0,0,around,AROUND,0
sgg/valley.pose,en,sgg,0,0,valley,VALLEY,0
sgg/student.pose,en,sgg,0,0,student,STUDENT,0
sgg/disturb.pose,en,sgg,0,0,disturb,DISTURB,0
sgg/make.pose,en,sgg,0,0,make,MAKE,0
sgg/numerous.pose,en,sgg,0,0,numerous,NUMEROUS,0
sgg/background.pose,en,sgg,0,0,background,BACKGROUND,0
sgg/telescope.pose,en,sgg,0,0,telescope,TELESCOPE,0
sgg/only.pose,en,sgg,0,0,only,ONLY,0
sgg/refer.pose,en,sgg,0,0,refer,REFER,0
sgg/rainbow.pose,en,sgg,0,0,rainbow,RAINBOW,0
sgg/interesting.pose,en,sgg,0,0,interesting,INTERESTING,0
sgg/traffic.pose,en,sgg,0,0,traffic,TRAFFIC,0
sgg/senior.pose,en,sgg,0,0,senior,SENIOR,0
sgg/diaper.pose,en,sgg,0,0,diaper,DIAPER,0
sgg/stepfather.pose,en,sgg,0,0,stepfather,STEPFATHER,0
sgg/together.pose,en,sgg,0,0,together,TOGETHER,0
sgg/microscope.pose,en,sgg,0,0,microscope,MICROSCOPE,0
sgg/across.pose,en,sgg,0,0,across,ACROSS,0
sgg/discount.pose,en,sgg,0,0,discount,DISCOUNT,0
sgg/give.pose,en,sgg,0,0,give,GIVE,0
sgg/perspective.pose,en,sgg,0,0,perspective,PERSPECTIVE,0
sgg/lend.pose,en,sgg,0,0,lend,LEND,0
sgg/best.pose,en,sgg,0,0,best,BEST,0
sgg/hunt.pose,en,sgg,0,0,hunt,HUNT,0
sgg/minus.pose,en,sgg,0,0,minus,MINUS,0
sgg/painter.pose,en,sgg,0,0,painter,PAINTER,0
sgg/power.pose,en,sgg,0,0,power,POWER,0
sgg/intersection.pose,en,sgg,0,0,intersection,INTERSECTION,0
sgg/french fries.pose,en,sgg,0,0,french fries,FRENCH FRIES,0
sgg/daughter.pose,en,sgg,0,0,daughter,DAUGHTER,0
sgg/company.pose,en,sgg,0,0,company,COMPANY,0
sgg/serve.pose,en,sgg,0,0,serve,SERVE,0
sgg/u.pose,en,sgg,0,0,u,U,0
sgg/from.pose,en,sgg,0,0,from,FROM,0
sgg/adapt.pose,en,sgg,0,0,adapt,ADAPT,0
sgg/wolf.pose,en,sgg,0,0,wolf,WOLF,0
sgg/fold.pose,en,sgg,0,0,fold,FOLD,0
sgg/india.pose,en,sgg,0,0,india,INDIA,0
sgg/project.pose,en,sgg,0,0,project,PROJECT,0
sgg/insect.pose,en,sgg,0,0,insect,INSECT,0
sgg/mention.pose,en,sgg,0,0,mention,MENTION,0
sgg/paint.pose,en,sgg,0,0,paint,PAINT,0
sgg/ocean.pose,en,sgg,0,0,ocean,OCEAN,0
sgg/deduct.pose,en,sgg,0,0,deduct,DEDUCT,0
sgg/exact.pose,en,sgg,0,0,exact,EXACT,0
sgg/once.pose,en,sgg,0,0,once,ONCE,0
sgg/selfish.pose,en,sgg,0,0,selfish,SELFISH,0
sgg/squirrel.pose,en,sgg,0,0,squirrel,SQUIRREL,0
sgg/reveal.pose,en,sgg,0,0,reveal,REVEAL,0
sgg/search.pose,en,sgg,0,0,search,SEARCH,0
sgg/key.pose,en,sgg,0,0,key,KEY,0
sgg/friday.pose,en,sgg,0,0,friday,FRIDAY,0
sgg/cop.pose,en,sgg,0,0,cop,COP,0
sgg/bank.pose,en,sgg,0,0,bank,BANK,0
sgg/west.pose,en,sgg,0,0,west,WEST,0
sgg/put.pose,en,sgg,0,0,put,PUT,0
sgg/italy.pose,en,sgg,0,0,italy,ITALY,0
sgg/last year.pose,en,sgg,0,0,last year,LAST YEAR,0
sgg/coconut.pose,en,sgg,0,0,coconut,COCONUT,0
sgg/international.pose,en,sgg,0,0,international,INTERNATIONAL,0
sgg/house.pose,en,sgg,0,0,house,HOUSE,0
sgg/chicken.pose,en,sgg,0,0,chicken,CHICKEN,0
sgg/not.pose,en,sgg,0,0,not,NOT,0
sgg/defend.pose,en,sgg,0,0,defend,DEFEND,0
sgg/knife.pose,en,sgg,0,0,knife,KNIFE,0
sgg/none.pose,en,sgg,0,0,none,NONE,0
sgg/late.pose,en,sgg,0,0,late,LATE,0
sgg/value.pose,en,sgg,0,0,value,VALUE,0
sgg/dog.pose,en,sgg,0,0,dog,DOG,0
sgg/business.pose,en,sgg,0,0,business,BUSINESS,0
sgg/will.pose,en,sgg,0,0,will,WILL,0
sgg/scientist.pose,en,sgg,0,0,scientist,SCIENTIST,0
sgg/move.pose,en,sgg,0,0,move,MOVE,0
sgg/break.pose,en,sgg,0,0,break,BREAK,0
sgg/disconnect.pose,en,sgg,0,0,disconnect,DISCONNECT,0
sgg/escape.pose,en,sgg,0,0,escape,ESCAPE,0
sgg/award.pose,en,sgg,0,0,award,AWARD,0
sgg/surprise.pose,en,sgg,0,0,surprise,SURPRISE,0
sgg/tempt.pose,en,sgg,0,0,tempt,TEMPT,0
sgg/easter.pose,en,sgg,0,0,easter,EASTER,0
sgg/consume.pose,en,sgg,0,0,consume,CONSUME,0
sgg/camera.pose,en,sgg,0,0,camera,CAMERA,0
sgg/salute.pose,en,sgg,0,0,salute,SALUTE,0
sgg/avoid.pose,en,sgg,0,0,avoid,AVOID,0
sgg/sixteen.pose,en,sgg,0,0,sixteen,SIXTEEN,0
sgg/admit.pose,en,sgg,0,0,admit,ADMIT,0
sgg/piece.pose,en,sgg,0,0,piece,PIECE,0
sgg/precise.pose,en,sgg,0,0,precise,PRECISE,0
sgg/tutor.pose,en,sgg,0,0,tutor,TUTOR,0
sgg/shock.pose,en,sgg,0,0,shock,SHOCK,0
sgg/demand.pose,en,sgg,0,0,demand,DEMAND,0
sgg/tiger.pose,en,sgg,0,0,tiger,TIGER,0
sgg/theme.pose,en,sgg,0,0,theme,THEME,0
sgg/surface.pose,en,sgg,0,0,surface,SURFACE,0
sgg/dentist.pose,en,sgg,0,0,dentist,DENTIST,0
sgg/bell.pose,en,sgg,0,0,bell,BELL,0
sgg/purpose.pose,en,sgg,0,0,purpose,PURPOSE,0
sgg/england.pose,en,sgg,0,0,england,ENGLAND,0
sgg/third.pose,en,sgg,0,0,third,THIRD,0
sgg/nurse.pose,en,sgg,0,0,nurse,NURSE,0
sgg/math.pose,en,sgg,0,0,math,MATH,0
sgg/wednesday.pose,en,sgg,0,0,wednesday,WEDNESDAY,0
sgg/decide.pose,en,sgg,0,0,decide,DECIDE,0
sgg/gift.pose,en,sgg,0,0,gift,GIFT,0
sgg/crush.pose,en,sgg,0,0,crush,CRUSH,0
sgg/walk.pose,en,sgg,0,0,walk,WALK,0
sgg/black.pose,en,sgg,0,0,black,BLACK,0
sgg/brush.pose,en,sgg,0,0,brush,BRUSH,0
sgg/paragraph.pose,en,sgg,0,0,paragraph,PARAGRAPH,0
sgg/cherry.pose,en,sgg,0,0,cherry,CHERRY,0
sgg/flower.pose,en,sgg,0,0,flower,FLOWER,0
sgg/scotland.pose,en,sgg,0,0,scotland,SCOTLAND,0
sgg/eight.pose,en,sgg,0,0,eight,EIGHT,0
sgg/defeat.pose,en,sgg,0,0,defeat,DEFEAT,0
sgg/middle.pose,en,sgg,0,0,middle,MIDDLE,0
sgg/shoes.pose,en,sgg,0,0,shoes,SHOES,0
sgg/agreement.pose,en,sgg,0,0,agreement,AGREEMENT,0
sgg/daily.pose,en,sgg,0,0,daily,DAILY,0
sgg/contest.pose,en,sgg,0,0,contest,CONTEST,0
sgg/she.pose,en,sgg,0,0,she,SHE,0
sgg/floor.pose,en,sgg,0,0,floor,FLOOR,0
sgg/objective.pose,en,sgg,0,0,objective,OBJECTIVE,0
sgg/animal.pose,en,sgg,0,0,animal,ANIMAL,0
sgg/faculty.pose,en,sgg,0,0,faculty,FACULTY,0
sgg/host.pose,en,sgg,0,0,host,HOST,0
sgg/silent.pose,en,sgg,0,0,silent,SILENT,0
sgg/demonstrate.pose,en,sgg,0,0,demonstrate,DEMONSTRATE,0
sgg/steel.pose,en,sgg,0,0,steel,STEEL,0
sgg/turkey.pose,en,sgg,0,0,turkey,TURKEY,0
sgg/everyday.pose,en,sgg,0,0,everyday,EVERYDAY,0
sgg/confront.pose,en,sgg,0,0,confront,CONFRONT,0
sgg/office.pose,en,sgg,0,0,office,OFFICE,0
sgg/forbid.pose,en,sgg,0,0,forbid,FORBID,0
sgg/red.pose,en,sgg,0,0,red,RED,0
sgg/constitution.pose,en,sgg,0,0,constitution,CONSTITUTION,0
sgg/compromise.pose,en,sgg,0,0,compromise,COMPROMISE,0
sgg/son.pose,en,sgg,0,0,son,SON,0
sgg/solid.pose,en,sgg,0,0,solid,SOLID,0
sgg/chair.pose,en,sgg,0,0,chair,CHAIR,0
sgg/behavior.pose,en,sgg,0,0,behavior,BEHAVIOR,0
sgg/young.pose,en,sgg,0,0,young,YOUNG,0
sgg/hospital.pose,en,sgg,0,0,hospital,HOSPITAL,0
sgg/box.pose,en,sgg,0,0,box,BOX,0
sgg/report.pose,en,sgg,0,0,report,REPORT,0
sgg/lion.pose,en,sgg,0,0,lion,LION,0
sgg/stubborn.pose,en,sgg,0,0,stubborn,STUBBORN,0
sgg/meet.pose,en,sgg,0,0,meet,MEET,0
sgg/brain.pose,en,sgg,0,0,brain,BRAIN,0
sgg/retire.pose,en,sgg,0,0,retire,RETIRE,0
sgg/summer.pose,en,sgg,0,0,summer,SUMMER,0
sgg/impossible.pose,en,sgg,0,0,impossible,IMPOSSIBLE,0
sgg/worm.pose,en,sgg,0,0,worm,WORM,0
sgg/resign.pose,en,sgg,0,0,resign,RESIGN,0
sgg/arrogant.pose,en,sgg,0,0,arrogant,ARROGANT,0
sgg/language.pose,en,sgg,0,0,language,LANGUAGE,0
sgg/mexico.pose,en,sgg,0,0,mexico,MEXICO,0
sgg/gone.pose,en,sgg,0,0,gone,GONE,0
sgg/result.pose,en,sgg,0,0,result,RESULT,0
sgg/peel.pose,en,sgg,0,0,peel,PEEL,0
sgg/mushroom.pose,en,sgg,0,0,mushroom,MUSHROOM,0
sgg/familiar.pose,en,sgg,0,0,familiar,FAMILIAR,0
sgg/worry.pose,en,sgg,0,0,worry,WORRY,0
sgg/switzerland.pose,en,sgg,0,0,switzerland,SWITZERLAND,0
sgg/cookie.pose,en,sgg,0,0,cookie,COOKIE,0
sgg/dawn.pose,en,sgg,0,0,dawn,DAWN,0
sgg/banana.pose,en,sgg,0,0,banana,BANANA,0
sgg/tough.pose,en,sgg,0,0,tough,TOUGH,0
sgg/his.pose,en,sgg,0,0,his,HIS,0
sgg/several.pose,en,sgg,0,0,several,SEVERAL,0
sgg/aunt.pose,en,sgg,0,0,aunt,AUNT,0
sgg/crazy.pose,en,sgg,0,0,crazy,CRAZY,0
sgg/yes.pose,en,sgg,0,0,yes,YES,0
sgg/thanksgiving.pose,en,sgg,0,0,thanksgiving,THANKSGIVING,0
sgg/come here.pose,en,sgg,0,0,come here,COME HERE,0
sgg/shame.pose,en,sgg,0,0,shame,SHAME,0
sgg/lamp.pose,en,sgg,0,0,lamp,LAMP,0
sgg/negative.pose,en,sgg,0,0,negative,NEGATIVE,0
sgg/building.pose,en,sgg,0,0,building,BUILDING,0
sgg/goal.pose,en,sgg,0,0,goal,GOAL,0
sgg/embarrass.pose,en,sgg,0,0,embarrass,EMBARRASS,0
sgg/every.pose,en,sgg,0,0,every,EVERY,0
sgg/grateful.pose,en,sgg,0,0,grateful,GRATEFUL,0
sgg/shave.pose,en,sgg,0,0,shave,SHAVE,0
sgg/cent.pose,en,sgg,0,0,cent,CENT,0
sgg/honor.pose,en,sgg,0,0,honor,HONOR,0
sgg/lock.pose,en,sgg,0,0,lock,LOCK,0
sgg/grass.pose,en,sgg,0,0,grass,GRASS,0
sgg/dad.pose,en,sgg,0,0,dad,DAD,0
sgg/toast.pose,en,sgg,0,0,toast,TOAST,0
sgg/roommate.pose,en,sgg,0,0,roommate,ROOMMATE,0
sgg/solve.pose,en,sgg,0,0,solve,SOLVE,0
sgg/approve.pose,en,sgg,0,0,approve,APPROVE,0
sgg/engineer.pose,en,sgg,0,0,engineer,ENGINEER,0
sgg/crash.pose,en,sgg,0,0,crash,CRASH,0
sgg/misunderstand.pose,en,sgg,0,0,misunderstand,MISUNDERSTAND,0
sgg/plan.pose,en,sgg,0,0,plan,PLAN,0
sgg/grapes.pose,en,sgg,0,0,grapes,GRAPES,0
sgg/temple.pose,en,sgg,0,0,temple,TEMPLE,0
sgg/function.pose,en,sgg,0,0,function,FUNCTION,0
sgg/fact.pose,en,sgg,0,0,fact,FACT,0
sgg/father.pose,en,sgg,0,0,father,FATHER,0
sgg/apart.pose,en,sgg,0,0,apart,APART,0
sgg/serious.pose,en,sgg,0,0,serious,SERIOUS,0
sgg/rain.pose,en,sgg,0,0,rain,RAIN,0
sgg/general.pose,en,sgg,0,0,general,GENERAL,0
sgg/hide.pose,en,sgg,0,0,hide,HIDE,0
sgg/prove.pose,en,sgg,0,0,prove,PROVE,0
sgg/apple.pose,en,sgg,0,0,apple,APPLE,0
sgg/relax.pose,en,sgg,0,0,relax,RELAX,0
sgg/above.pose,en,sgg,0,0,above,ABOVE,0
sgg/meat.pose,en,sgg,0,0,meat,MEAT,0
sgg/assistant.pose,en,sgg,0,0,assistant,ASSISTANT,0
sgg/large.pose,en,sgg,0,0,large,LARGE,0
sgg/angry.pose,en,sgg,0,0,angry,ANGRY,0
sgg/poop.pose,en,sgg,0,0,poop,POOP,0
sgg/bra.pose,en,sgg,0,0,bra,BRA,0
sgg/look at.pose,en,sgg,0,0,look at,LOOK AT,0
sgg/auction.pose,en,sgg,0,0,auction,AUCTION,0
sgg/relationship.pose,en,sgg,0,0,relationship,RELATIONSHIP,0
sgg/realize.pose,en,sgg,0,0,realize,REALIZE,0
sgg/cruel.pose,en,sgg,0,0,cruel,CRUEL,0
sgg/teacher.pose,en,sgg,0,0,teacher,TEACHER,0
sgg/reject.pose,en,sgg,0,0,reject,REJECT,0
sgg/car.pose,en,sgg,0,0,car,CAR,0
sgg/dream.pose,en,sgg,0,0,dream,DREAM,0
sgg/belief.pose,en,sgg,0,0,belief,BELIEF,0
sgg/love.pose,en,sgg,0,0,love,LOVE,0
sgg/laundry.pose,en,sgg,0,0,laundry,LAUNDRY,0
sgg/pig.pose,en,sgg,0,0,pig,PIG,0
sgg/hair.pose,en,sgg,0,0,hair,HAIR,0
sgg/soup.pose,en,sgg,0,0,soup,SOUP,0
sgg/spread.pose,en,sgg,0,0,spread,SPREAD,0
sgg/month.pose,en,sgg,0,0,month,MONTH,0
sgg/monday.pose,en,sgg,0,0,monday,MONDAY,0
sgg/under.pose,en,sgg,0,0,under,UNDER,0
sgg/boil.pose,en,sgg,0,0,boil,BOIL,0
sgg/medicine.pose,en,sgg,0,0,medicine,MEDICINE,0
sgg/sea.pose,en,sgg,0,0,sea,SEA,0
sgg/get.pose,en,sgg,0,0,get,GET,0
sgg/new.pose,en,sgg,0,0,new,NEW,0
sgg/philosophy.pose,en,sgg,0,0,philosophy,PHILOSOPHY,0
sgg/clock.pose,en,sgg,0,0,clock,CLOCK,0
sgg/complex.pose,en,sgg,0,0,complex,COMPLEX,0
sgg/toilet paper.pose,en,sgg,0,0,toilet paper,TOILET PAPER,0
sgg/careful.pose,en,sgg,0,0,careful,CAREFUL,0
sgg/share.pose,en,sgg,0,0,share,SHARE,0
sgg/taste.pose,en,sgg,0,0,taste,TASTE,0
sgg/convert.pose,en,sgg,0,0,convert,CONVERT,0
sgg/november.pose,en,sgg,0,0,november,NOVEMBER,0
sgg/shovel.pose,en,sgg,0,0,shovel,SHOVEL,0
sgg/empty.pose,en,sgg,0,0,empty,EMPTY,0
sgg/movie.pose,en,sgg,0,0,movie,MOVIE,0
sgg/captain.pose,en,sgg,0,0,captain,CAPTAIN,0
sgg/neck.pose,en,sgg,0,0,neck,NECK,0
sgg/near.pose,en,sgg,0,0,near,NEAR,0
sgg/metal.pose,en,sgg,0,0,metal,METAL,0
sgg/boy.pose,en,sgg,0,0,boy,BOY,0
sgg/pressure.pose,en,sgg,0,0,pressure,PRESSURE,0
sgg/ok.pose,en,sgg,0,0,ok,OK,0
sgg/lord.pose,en,sgg,0,0,lord,LORD,0
sgg/smooth.pose,en,sgg,0,0,smooth,SMOOTH,0
sgg/connect.pose,en,sgg,0,0,connect,CONNECT,0
sgg/noon.pose,en,sgg,0,0,noon,NOON,0
sgg/period.pose,en,sgg,0,0,period,PERIOD,0
sgg/expensive.pose,en,sgg,0,0,expensive,EXPENSIVE,0
sgg/touch.pose,en,sgg,0,0,touch,TOUCH,0
sgg/something.pose,en,sgg,0,0,something,SOMETHING,0
sgg/helicopter.pose,en,sgg,0,0,helicopter,HELICOPTER,0
sgg/major.pose,en,sgg,0,0,major,MAJOR,0
sgg/interview.pose,en,sgg,0,0,interview,INTERVIEW,0
sgg/grow up.pose,en,sgg,0,0,grow up,GROW UP,0
sgg/weight.pose,en,sgg,0,0,weight,WEIGHT,0
sgg/choir.pose,en,sgg,0,0,choir,CHOIR,0
sgg/m.pose,en,sgg,0,0,m,M,0
sgg/war.pose,en,sgg,0,0,war,WAR,0
sgg/printer.pose,en,sgg,0,0,printer,PRINTER,0
sgg/plus.pose,en,sgg,0,0,plus,PLUS,0
sgg/second.pose,en,sgg,0,0,second,SECOND,0
sgg/situation.pose,en,sgg,0,0,situation,SITUATION,0
sgg/eat.pose,en,sgg,0,0,eat,EAT,0
sgg/surgery.pose,en,sgg,0,0,surgery,SURGERY,0
sgg/travel.pose,en,sgg,0,0,travel,TRAVEL,0
sgg/birth.pose,en,sgg,0,0,birth,BIRTH,0
sgg/law.pose,en,sgg,0,0,law,LAW,0
sgg/dig.pose,en,sgg,0,0,dig,DIG,0
sgg/degree.pose,en,sgg,0,0,degree,DEGREE,0
sgg/bible.pose,en,sgg,0,0,bible,BIBLE,0
sgg/date.pose,en,sgg,0,0,date,DATE,0
sgg/square.pose,en,sgg,0,0,square,SQUARE,0
sgg/follow.pose,en,sgg,0,0,follow,FOLLOW,0
sgg/warm.pose,en,sgg,0,0,warm,WARM,0
sgg/brother.pose,en,sgg,0,0,brother,BROTHER,0
sgg/clever.pose,en,sgg,0,0,clever,CLEVER,0
sgg/there.pose,en,sgg,0,0,there,THERE,0
sgg/nose.pose,en,sgg,0,0,nose,NOSE,0
sgg/december.pose,en,sgg,0,0,december,DECEMBER,0
sgg/outside.pose,en,sgg,0,0,outside,OUTSIDE,0
sgg/nation.pose,en,sgg,0,0,nation,NATION,0
sgg/propaganda.pose,en,sgg,0,0,propaganda,PROPAGANDA,0
sgg/niece.pose,en,sgg,0,0,niece,NIECE,0
sgg/ruin.pose,en,sgg,0,0,ruin,RUIN,0
sgg/represent.pose,en,sgg,0,0,represent,REPRESENT,0
sgg/blame.pose,en,sgg,0,0,blame,BLAME,0
sgg/more.pose,en,sgg,0,0,more,MORE,0
sgg/thick.pose,en,sgg,0,0,thick,THICK,0
sgg/proper.pose,en,sgg,0,0,proper,PROPER,0
sgg/study.pose,en,sgg,0,0,study,STUDY,0
sgg/keep.pose,en,sgg,0,0,keep,KEEP,0
sgg/preschool.pose,en,sgg,0,0,preschool,PRESCHOOL,0
sgg/down.pose,en,sgg,0,0,down,DOWN,0
sgg/somewhere.pose,en,sgg,0,0,somewhere,SOMEWHERE,0
sgg/steal.pose,en,sgg,0,0,steal,STEAL,0
sgg/positive.pose,en,sgg,0,0,positive,POSITIVE,0
sgg/alarm.pose,en,sgg,0,0,alarm,ALARM,0
sgg/equal.pose,en,sgg,0,0,equal,EQUAL,0
sgg/mock.pose,en,sgg,0,0,mock,MOCK,0
sgg/candle.pose,en,sgg,0,0,candle,CANDLE,0
sgg/parade.pose,en,sgg,0,0,parade,PARADE,0
sgg/dragon.pose,en,sgg,0,0,dragon,DRAGON,0
sgg/tall.pose,en,sgg,0,0,tall,TALL,0
sgg/japan.pose,en,sgg,0,0,japan,JAPAN,0
sgg/divorce.pose,en,sgg,0,0,divorce,DIVORCE,0
sgg/drawer.pose,en,sgg,0,0,drawer,DRAWER,0
sgg/jewish.pose,en,sgg,0,0,jewish,JEWISH,0
sgg/attract.pose,en,sgg,0,0,attract,ATTRACT,0
sgg/awful.pose,en,sgg,0,0,awful,AWFUL,0
sgg/if.pose,en,sgg,0,0,if,IF,0
sgg/forest.pose,en,sgg,0,0,forest,FOREST,0
sgg/rush.pose,en,sgg,0,0,rush,RUSH,0
sgg/penny.pose,en,sgg,0,0,penny,PENNY,0
sgg/kinder.pose,en,sgg,0,0,kinder,KINDER,0
sgg/flatter.pose,en,sgg,0,0,flatter,FLATTER,0
sgg/tender.pose,en,sgg,0,0,tender,TENDER,0
sgg/aid.pose,en,sgg,0,0,aid,AID,0
sgg/fruit.pose,en,sgg,0,0,fruit,FRUIT,0
sgg/climb.pose,en,sgg,0,0,climb,CLIMB,0
sgg/aware.pose,en,sgg,0,0,aware,AWARE,0
sgg/better.pose,en,sgg,0,0,better,BETTER,0
sgg/request.pose,en,sgg,0,0,request,REQUEST,0
sgg/dormitory.pose,en,sgg,0,0,dormitory,DORMITORY,0
sgg/wander.pose,en,sgg,0,0,wander,WANDER,0
sgg/high school.pose,en,sgg,0,0,high school,HIGH SCHOOL,0
sgg/arrive.pose,en,sgg,0,0,arrive,ARRIVE,0
sgg/clown.pose,en,sgg,0,0,clown,CLOWN,0
sgg/path.pose,en,sgg,0,0,path,PATH,0
sgg/doubt.pose,en,sgg,0,0,doubt,DOUBT,0
sgg/magazine.pose,en,sgg,0,0,magazine,MAGAZINE,0
sgg/evidence.pose,en,sgg,0,0,evidence,EVIDENCE,0
sgg/librarian.pose,en,sgg,0,0,librarian,LIBRARIAN,0
sgg/policeman.pose,en,sgg,0,0,policeman,POLICEMAN,0
sgg/gay.pose,en,sgg,0,0,gay,GAY,0
sgg/line.pose,en,sgg,0,0,line,LINE,0
sgg/polar bear.pose,en,sgg,0,0,polar bear,POLAR BEAR,0
sgg/breathe.pose,en,sgg,0,0,breathe,BREATHE,0
sgg/awake.pose,en,sgg,0,0,awake,AWAKE,0
sgg/belt.pose,en,sgg,0,0,belt,BELT,0
sgg/exchange.pose,en,sgg,0,0,exchange,EXCHANGE,0
sgg/priority.pose,en,sgg,0,0,priority,PRIORITY,0
sgg/bye.pose,en,sgg,0,0,bye,BYE,0
sgg/division.pose,en,sgg,0,0,division,DIVISION,0
sgg/guitar.pose,en,sgg,0,0,guitar,GUITAR,0
sgg/french.pose,en,sgg,0,0,french,FRENCH,0
sgg/encourage.pose,en,sgg,0,0,encourage,ENCOURAGE,0
sgg/bus.pose,en,sgg,0,0,bus,BUS,0
sgg/during.pose,en,sgg,0,0,during,DURING,0
sgg/end.pose,en,sgg,0,0,end,END,0
sgg/blend.pose,en,sgg,0,0,blend,BLEND,0
sgg/pure.pose,en,sgg,0,0,pure,PURE,0
sgg/eyes.pose,en,sgg,0,0,eyes,EYES,0
sgg/newspaper.pose,en,sgg,0,0,newspaper,NEWSPAPER,0
sgg/stadium.pose,en,sgg,0,0,stadium,STADIUM,0
sgg/sue.pose,en,sgg,0,0,sue,SUE,0
sgg/onion.pose,en,sgg,0,0,onion,ONION,0
sgg/between.pose,en,sgg,0,0,between,BETWEEN,0
sgg/wait.pose,en,sgg,0,0,wait,WAIT,0
sgg/blind.pose,en,sgg,0,0,blind,BLIND,0
sgg/dolphin.pose,en,sgg,0,0,dolphin,DOLPHIN,0
sgg/chat.pose,en,sgg,0,0,chat,CHAT,0
sgg/march.pose,en,sgg,0,0,march,MARCH,0
sgg/thrill.pose,en,sgg,0,0,thrill,THRILL,0
sgg/bridge.pose,en,sgg,0,0,bridge,BRIDGE,0
sgg/often.pose,en,sgg,0,0,often,OFTEN,0
sgg/stare.pose,en,sgg,0,0,stare,STARE,0
sgg/from now on.pose,en,sgg,0,0,from now on,FROM NOW ON,0
sgg/able.pose,en,sgg,0,0,able,ABLE,0
sgg/midnight.pose,en,sgg,0,0,midnight,MIDNIGHT,0
sgg/t.pose,en,sgg,0,0,t,T,0
sgg/for.pose,en,sgg,0,0,for,FOR,0
sgg/humble.pose,en,sgg,0,0,humble,HUMBLE,0
sgg/before.pose,en,sgg,0,0,before,BEFORE,0
sgg/scold.pose,en,sgg,0,0,scold,SCOLD,0
sgg/jail.pose,en,sgg,0,0,jail,JAIL,0
sgg/popular.pose,en,sgg,0,0,popular,POPULAR,0
sgg/audience.pose,en,sgg,0,0,audience,AUDIENCE,0
sgg/adverb.pose,en,sgg,0,0,adverb,ADVERB,0
sgg/texas.pose,en,sgg,0,0,texas,TEXAS,0
sgg/prince.pose,en,sgg,0,0,prince,PRINCE,0
sgg/superman.pose,en,sgg,0,0,superman,SUPERMAN,0
sgg/trust.pose,en,sgg,0,0,trust,TRUST,0
sgg/classroom.pose,en,sgg,0,0,classroom,CLASSROOM,0
sgg/cool.pose,en,sgg,0,0,cool,COOL,0
sgg/trip.pose,en,sgg,0,0,trip,TRIP,0
sgg/first.pose,en,sgg,0,0,first,FIRST,0
sgg/identify.pose,en,sgg,0,0,identify,IDENTIFY,0
sgg/purple.pose,en,sgg,0,0,purple,PURPLE,0
sgg/rule.pose,en,sgg,0,0,rule,RULE,0
sgg/flirt.pose,en,sgg,0,0,flirt,FLIRT,0
sgg/overlook.pose,en,sgg,0,0,overlook,OVERLOOK,0
sgg/precipitation.pose,en,sgg,0,0,precipitation,PRECIPITATION,0
sgg/graduate.pose,en,sgg,0,0,graduate,GRADUATE,0
sgg/economy.pose,en,sgg,0,0,economy,ECONOMY,0
sgg/grab.pose,en,sgg,0,0,grab,GRAB,0
sgg/stuck.pose,en,sgg,0,0,stuck,STUCK,0
sgg/shape.pose,en,sgg,0,0,shape,SHAPE,0
sgg/beard.pose,en,sgg,0,0,beard,BEARD,0
sgg/trouble.pose,en,sgg,0,0,trouble,TROUBLE,0
sgg/christmas.pose,en,sgg,0,0,christmas,CHRISTMAS,0
sgg/sympathy.pose,en,sgg,0,0,sympathy,SYMPATHY,0
sgg/psychology.pose,en,sgg,0,0,psychology,PSYCHOLOGY,0
sgg/narrow.pose,en,sgg,0,0,narrow,NARROW,0
sgg/blood.pose,en,sgg,0,0,blood,BLOOD,0
sgg/a.pose,en,sgg,0,0,a,A,0
sgg/tan.pose,en,sgg,0,0,tan,TAN,0
sgg/gold.pose,en,sgg,0,0,gold,GOLD,0
sgg/say.pose,en,sgg,0,0,say,SAY,0
sgg/really.pose,en,sgg,0,0,really,REALLY,0
sgg/five.pose,en,sgg,0,0,five,FIVE,0
sgg/who.pose,en,sgg,0,0,who,WHO,0
sgg/asia.pose,en,sgg,0,0,asia,ASIA,0
sgg/drum.pose,en,sgg,0,0,drum,DRUM,0
sgg/policy.pose,en,sgg,0,0,policy,POLICY,0
sgg/adopt.pose,en,sgg,0,0,adopt,ADOPT,0
sgg/boss.pose,en,sgg,0,0,boss,BOSS,0
sgg/curious.pose,en,sgg,0,0,curious,CURIOUS,0
sgg/stupid.pose,en,sgg,0,0,stupid,STUPID,0
sgg/simple.pose,en,sgg,0,0,simple,SIMPLE,0
sgg/translate.pose,en,sgg,0,0,translate,TRANSLATE,0
sgg/or.pose,en,sgg,0,0,or,OR,0
sgg/rose.pose,en,sgg,0,0,rose,ROSE,0
sgg/contribute.pose,en,sgg,0,0,contribute,CONTRIBUTE,0
sgg/arizona.pose,en,sgg,0,0,arizona,ARIZONA,0
sgg/music.pose,en,sgg,0,0,music,MUSIC,0
sgg/south america.pose,en,sgg,0,0,south america,SOUTH AMERICA,0
sgg/mind.pose,en,sgg,0,0,mind,MIND,0
sgg/saturday.pose,en,sgg,0,0,saturday,SATURDAY,0
sgg/give up.pose,en,sgg,0,0,give up,GIVE UP,0
sgg/patient.pose,en,sgg,0,0,patient,PATIENT,0
sgg/concept.pose,en,sgg,0,0,concept,CONCEPT,0
sgg/difficult.pose,en,sgg,0,0,difficult,DIFFICULT,0
sgg/muscle.pose,en,sgg,0,0,muscle,MUSCLE,0
sgg/unique.pose,en,sgg,0,0,unique,UNIQUE,0
sgg/skip.pose,en,sgg,0,0,skip,SKIP,0
sgg/lady.pose,en,sgg,0,0,lady,LADY,0
sgg/audiology.pose,en,sgg,0,0,audiology,AUDIOLOGY,0
sgg/alligator.pose,en,sgg,0,0,alligator,ALLIGATOR,0
sgg/workshop.pose,en,sgg,0,0,workshop,WORKSHOP,0
sgg/shine.pose,en,sgg,0,0,shine,SHINE,0
sgg/cheerleader.pose,en,sgg,0,0,cheerleader,CHEERLEADER,0
sgg/total.pose,en,sgg,0,0,total,TOTAL,0
sgg/geometry.pose,en,sgg,0,0,geometry,GEOMETRY,0
sgg/sprint.pose,en,sgg,0,0,sprint,SPRINT,0
sgg/sin.pose,en,sgg,0,0,sin,SIN,0
sgg/try.pose,en,sgg,0,0,try,TRY,0
sgg/goat.pose,en,sgg,0,0,goat,GOAT,0
sgg/pack.pose,en,sgg,0,0,pack,PACK,0
sgg/color.pose,en,sgg,0,0,color,COLOR,0
sgg/religion.pose,en,sgg,0,0,religion,RELIGION,0
sgg/stir.pose,en,sgg,0,0,stir,STIR,0
sgg/disagree.pose,en,sgg,0,0,disagree,DISAGREE,0
sgg/iron.pose,en,sgg,0,0,iron,IRON,0
sgg/eternity.pose,en,sgg,0,0,eternity,ETERNITY,0
sgg/food.pose,en,sgg,0,0,food,FOOD,0
sgg/detach.pose,en,sgg,0,0,detach,DETACH,0
sgg/they.pose,en,sgg,0,0,they,THEY,0
sgg/busy.pose,en,sgg,0,0,busy,BUSY,0
sgg/bee.pose,en,sgg,0,0,bee,BEE,0
sgg/overcome.pose,en,sgg,0,0,overcome,OVERCOME,0
sgg/paper.pose,en,sgg,0,0,paper,PAPER,0
sgg/tell.pose,en,sgg,0,0,tell,TELL,0
sgg/september.pose,en,sgg,0,0,september,SEPTEMBER,0
sgg/wet.pose,en,sgg,0,0,wet,WET,0
sgg/hot dog.pose,en,sgg,0,0,hot dog,HOT DOG,0
sgg/canoe.pose,en,sgg,0,0,canoe,CANOE,0
sgg/therapy.pose,en,sgg,0,0,therapy,THERAPY,0
sgg/event.pose,en,sgg,0,0,event,EVENT,0
sgg/experience.pose,en,sgg,0,0,experience,EXPERIENCE,0
sgg/earn.pose,en,sgg,0,0,earn,EARN,0
sgg/talk.pose,en,sgg,0,0,talk,TALK,0
sgg/rake.pose,en,sgg,0,0,rake,RAKE,0
sgg/resist.pose,en,sgg,0,0,resist,RESIST,0
sgg/challenge.pose,en,sgg,0,0,challenge,CHALLENGE,0
sgg/brown.pose,en,sgg,0,0,brown,BROWN,0
sgg/want.pose,en,sgg,0,0,want,WANT,0
sgg/crown.pose,en,sgg,0,0,crown,CROWN,0
sgg/high.pose,en,sgg,0,0,high,HIGH,0
sgg/bad.pose,en,sgg,0,0,bad,BAD,0
sgg/bitter.pose,en,sgg,0,0,bitter,BITTER,0
sgg/real.pose,en,sgg,0,0,real,REAL,0
sgg/physician.pose,en,sgg,0,0,physician,PHYSICIAN,0
sgg/pain.pose,en,sgg,0,0,pain,PAIN,0
sgg/bracelet.pose,en,sgg,0,0,bracelet,BRACELET,0
sgg/idea.pose,en,sgg,0,0,idea,IDEA,0
sgg/very.pose,en,sgg,0,0,very,VERY,0
sgg/year.pose,en,sgg,0,0,year,YEAR,0
sgg/gun.pose,en,sgg,0,0,gun,GUN,0
sgg/choose.pose,en,sgg,0,0,choose,CHOOSE,0
sgg/sneeze.pose,en,sgg,0,0,sneeze,SNEEZE,0
sgg/excuse.pose,en,sgg,0,0,excuse,EXCUSE,0
sgg/strict.pose,en,sgg,0,0,strict,STRICT,0
sgg/question.pose,en,sgg,0,0,question,QUESTION,0
sgg/j.pose,en,sgg,0,0,j,J,0
sgg/bother.pose,en,sgg,0,0,bother,BOTHER,0
sgg/politics.pose,en,sgg,0,0,politics,POLITICS,0
sgg/hungry.pose,en,sgg,0,0,hungry,HUNGRY,0
sgg/bedroom.pose,en,sgg,0,0,bedroom,BEDROOM,0
sgg/evening.pose,en,sgg,0,0,evening,EVENING,0
sgg/heap.pose,en,sgg,0,0,heap,HEAP,0
sgg/dismiss.pose,en,sgg,0,0,dismiss,DISMISS,0
sgg/technology.pose,en,sgg,0,0,technology,TECHNOLOGY,0
sgg/keyboard.pose,en,sgg,0,0,keyboard,KEYBOARD,0
sgg/because.pose,en,sgg,0,0,because,BECAUSE,0
sgg/soccer.pose,en,sgg,0,0,soccer,SOCCER,0
sgg/true.pose,en,sgg,0,0,true,TRUE,0
sgg/whatever.pose,en,sgg,0,0,whatever,WHATEVER,0
sgg/illegal.pose,en,sgg,0,0,illegal,ILLEGAL,0
sgg/ugly.pose,en,sgg,0,0,ugly,UGLY,0
sgg/feel.pose,en,sgg,0,0,feel,FEEL,0
sgg/sunrise.pose,en,sgg,0,0,sunrise,SUNRISE,0
sgg/broke.pose,en,sgg,0,0,broke,BROKE,0
sgg/judge.pose,en,sgg,0,0,judge,JUDGE,0
sgg/work.pose,en,sgg,0,0,work,WORK,0
sgg/enjoy.pose,en,sgg,0,0,enjoy,ENJOY,0
sgg/earring.pose,en,sgg,0,0,earring,EARRING,0
sgg/chop.pose,en,sgg,0,0,chop,CHOP,0
sgg/sunset.pose,en,sgg,0,0,sunset,SUNSET,0
sgg/character.pose,en,sgg,0,0,character,CHARACTER,0
sgg/push.pose,en,sgg,0,0,push,PUSH,0
sgg/spill.pose,en,sgg,0,0,spill,SPILL,0
sgg/frog.pose,en,sgg,0,0,frog,FROG,0
sgg/bathroom.pose,en,sgg,0,0,bathroom,BATHROOM,0
sgg/either.pose,en,sgg,0,0,either,EITHER,0
sgg/yellow.pose,en,sgg,0,0,yellow,YELLOW,0
sgg/kitchen.pose,en,sgg,0,0,kitchen,KITCHEN,0
sgg/statistics.pose,en,sgg,0,0,statistics,STATISTICS,0
sgg/blue.pose,en,sgg,0,0,blue,BLUE,0
sgg/position.pose,en,sgg,0,0,position,POSITION,0
sgg/done.pose,en,sgg,0,0,done,DONE,0
sgg/ski.pose,en,sgg,0,0,ski,SKI,0
sgg/thermometer.pose,en,sgg,0,0,thermometer,THERMOMETER,0
sgg/english.pose,en,sgg,0,0,english,ENGLISH,0
sgg/bowling.pose,en,sgg,0,0,bowling,BOWLING,0
sgg/call.pose,en,sgg,0,0,call,CALL,0
sgg/find.pose,en,sgg,0,0,find,FIND,0
sgg/number.pose,en,sgg,0,0,number,NUMBER,0
sgg/funny.pose,en,sgg,0,0,funny,FUNNY,0
sgg/spell.pose,en,sgg,0,0,spell,SPELL,0
sgg/bowl.pose,en,sgg,0,0,bowl,BOWL,0
sgg/after.pose,en,sgg,0,0,after,AFTER,0
sgg/spray.pose,en,sgg,0,0,spray,SPRAY,0
sgg/joy.pose,en,sgg,0,0,joy,JOY,0
sgg/sun.pose,en,sgg,0,0,sun,SUN,0
sgg/raccoon.pose,en,sgg,0,0,raccoon,RACCOON,0
sgg/send.pose,en,sgg,0,0,send,SEND,0
sgg/water.pose,en,sgg,0,0,water,WATER,0
sgg/suppose.pose,en,sgg,0,0,suppose,SUPPOSE,0
sgg/use.pose,en,sgg,0,0,use,USE,0
sgg/owe.pose,en,sgg,0,0,owe,OWE,0
sgg/worker.pose,en,sgg,0,0,worker,WORKER,0
sgg/smart.pose,en,sgg,0,0,smart,SMART,0
sgg/revenge.pose,en,sgg,0,0,revenge,REVENGE,0
sgg/parents.pose,en,sgg,0,0,parents,PARENTS,0
sgg/bored.pose,en,sgg,0,0,bored,BORED,0
sgg/willing.pose,en,sgg,0,0,willing,WILLING,0
sgg/prison.pose,en,sgg,0,0,prison,PRISON,0
sgg/octopus.pose,en,sgg,0,0,octopus,OCTOPUS,0
sgg/few.pose,en,sgg,0,0,few,FEW,0
sgg/lose.pose,en,sgg,0,0,lose,LOSE,0
sgg/pound.pose,en,sgg,0,0,pound,POUND,0
sgg/rubber.pose,en,sgg,0,0,rubber,RUBBER,0
sgg/speech.pose,en,sgg,0,0,speech,SPEECH,0
sgg/skin.pose,en,sgg,0,0,skin,SKIN,0
sgg/peanut butter.pose,en,sgg,0,0,peanut butter,PEANUT BUTTER,0
sgg/expert.pose,en,sgg,0,0,expert,EXPERT,0
sgg/double.pose,en,sgg,0,0,double,DOUBLE,0
sgg/advanced.pose,en,sgg,0,0,advanced,ADVANCED,0
sgg/personality.pose,en,sgg,0,0,personality,PERSONALITY,0
sgg/counselor.pose,en,sgg,0,0,counselor,COUNSELOR,0
sgg/flexible.pose,en,sgg,0,0,flexible,FLEXIBLE,0
sgg/tiptoe.pose,en,sgg,0,0,tiptoe,TIPTOE,0
sgg/one.pose,en,sgg,0,0,one,ONE,0
sgg/human.pose,en,sgg,0,0,human,HUMAN,0
sgg/smoking.pose,en,sgg,0,0,smoking,SMOKING,0
sgg/trade.pose,en,sgg,0,0,trade,TRADE,0
sgg/beautiful.pose,en,sgg,0,0,beautiful,BEAUTIFUL,0
sgg/preacher.pose,en,sgg,0,0,preacher,PREACHER,0
sgg/pear.pose,en,sgg,0,0,pear,PEAR,0
sgg/god.pose,en,sgg,0,0,god,GOD,0
sgg/speed.pose,en,sgg,0,0,speed,SPEED,0
sgg/soldier.pose,en,sgg,0,0,soldier,SOLDIER,0
sgg/dizzy.pose,en,sgg,0,0,dizzy,DIZZY,0
sgg/cochlear implant.pose,en,sgg,0,0,cochlear implant,COCHLEAR IMPLANT,0
sgg/cards.pose,en,sgg,0,0,cards,CARDS,0
sgg/fix.pose,en,sgg,0,0,fix,FIX,0
sgg/helmet.pose,en,sgg,0,0,helmet,HELMET,0
sgg/lazy.pose,en,sgg,0,0,lazy,LAZY,0
sgg/ice cream.pose,en,sgg,0,0,ice cream,ICE CREAM,0
sgg/win.pose,en,sgg,0,0,win,WIN,0
sgg/dumb.pose,en,sgg,0,0,dumb,DUMB,0
sgg/baptize.pose,en,sgg,0,0,baptize,BAPTIZE,0
sgg/egg.pose,en,sgg,0,0,egg,EGG,0
sgg/erase.pose,en,sgg,0,0,erase,ERASE,0
sgg/special.pose,en,sgg,0,0,special,SPECIAL,0
sgg/save.pose,en,sgg,0,0,save,SAVE,0
sgg/proud.pose,en,sgg,0,0,proud,PROUD,0
sgg/that.pose,en,sgg,0,0,that,THAT,0
sgg/decrease.pose,en,sgg,0,0,decrease,DECREASE,0
sgg/quarter.pose,en,sgg,0,0,quarter,QUARTER,0
sgg/nine.pose,en,sgg,0,0,nine,NINE,0
sgg/pick.pose,en,sgg,0,0,pick,PICK,0
sgg/today.pose,en,sgg,0,0,today,TODAY,0
sgg/skate.pose,en,sgg,0,0,skate,SKATE,0
sgg/spanish.pose,en,sgg,0,0,spanish,SPANISH,0
sgg/responsibility.pose,en,sgg,0,0,responsibility,RESPONSIBILITY,0
sgg/drive.pose,en,sgg,0,0,drive,DRIVE,0
sgg/hot.pose,en,sgg,0,0,hot,HOT,0
sgg/prefer.pose,en,sgg,0,0,prefer,PREFER,0
sgg/fall in love.pose,en,sgg,0,0,fall in love,FALL IN LOVE,0
sgg/awkward.pose,en,sgg,0,0,awkward,AWKWARD,0
sgg/loud.pose,en,sgg,0,0,loud,LOUD,0
sgg/engine.pose,en,sgg,0,0,engine,ENGINE,0
sgg/tranquil.pose,en,sgg,0,0,tranquil,TRANQUIL,0
sgg/lonely.pose,en,sgg,0,0,lonely,LONELY,0
sgg/bookshelf.pose,en,sgg,0,0,bookshelf,BOOKSHELF,0
sgg/hill.pose,en,sgg,0,0,hill,HILL,0
sgg/deaf.pose,en,sgg,0,0,deaf,DEAF,0
sgg/dessert.pose,en,sgg,0,0,dessert,DESSERT,0
sgg/f.pose,en,sgg,0,0,f,F,0
sgg/zero.pose,en,sgg,0,0,zero,ZERO,0
sgg/way.pose,en,sgg,0,0,way,WAY,0
sgg/salad.pose,en,sgg,0,0,salad,SALAD,0
sgg/diabetes.pose,en,sgg,0,0,diabetes,DIABETES,0
sgg/same.pose,en,sgg,0,0,same,SAME,0
sgg/forever.pose,en,sgg,0,0,forever,FOREVER,0
sgg/cook.pose,en,sgg,0,0,cook,COOK,0
sgg/take up.pose,en,sgg,0,0,take up,TAKE UP,0
sgg/chemical.pose,en,sgg,0,0,chemical,CHEMICAL,0
sgg/cheese.pose,en,sgg,0,0,cheese,CHEESE,0
sgg/green.pose,en,sgg,0,0,green,GREEN,0
sgg/straw.pose,en,sgg,0,0,straw,STRAW,0
sgg/sketch.pose,en,sgg,0,0,sketch,SKETCH,0
sgg/dry.pose,en,sgg,0,0,dry,DRY,0
sgg/know.pose,en,sgg,0,0,know,KNOW,0
sgg/my.pose,en,sgg,0,0,my,MY,0
sgg/scared.pose,en,sgg,0,0,scared,SCARED,0
sgg/act.pose,en,sgg,0,0,act,ACT,0
sgg/cup.pose,en,sgg,0,0,cup,CUP,0
sgg/subtract.pose,en,sgg,0,0,subtract,SUBTRACT,0
sgg/silly.pose,en,sgg,0,0,silly,SILLY,0
sgg/occur.pose,en,sgg,0,0,occur,OCCUR,0
sgg/discipline.pose,en,sgg,0,0,discipline,DISCIPLINE,0
sgg/stairs.pose,en,sgg,0,0,stairs,STAIRS,0
sgg/college.pose,en,sgg,0,0,college,COLLEGE,0
sgg/s.pose,en,sgg,0,0,s,S,0
sgg/information.pose,en,sgg,0,0,information,INFORMATION,0
sgg/strange.pose,en,sgg,0,0,strange,STRANGE,0
sgg/afternoon.pose,en,sgg,0,0,afternoon,AFTERNOON,0
sgg/sugar.pose,en,sgg,0,0,sugar,SUGAR,0
sgg/example.pose,en,sgg,0,0,example,EXAMPLE,0
sgg/braid.pose,en,sgg,0,0,braid,BRAID,0
sgg/nut.pose,en,sgg,0,0,nut,NUT,0
sgg/recliner.pose,en,sgg,0,0,recliner,RECLINER,0
sgg/queen.pose,en,sgg,0,0,queen,QUEEN,0
sgg/sweetheart.pose,en,sgg,0,0,sweetheart,SWEETHEART,0
sgg/circle.pose,en,sgg,0,0,circle,CIRCLE,0
sgg/test.pose,en,sgg,0,0,test,TEST,0
sgg/thirsty.pose,en,sgg,0,0,thirsty,THIRSTY,0
sgg/depend.pose,en,sgg,0,0,depend,DEPEND,0
sgg/like.pose,en,sgg,0,0,like,LIKE,0
sgg/dime.pose,en,sgg,0,0,dime,DIME,0
sgg/hug.pose,en,sgg,0,0,hug,HUG,0
sgg/trophy.pose,en,sgg,0,0,trophy,TROPHY,0
sgg/shoulder.pose,en,sgg,0,0,shoulder,SHOULDER,0
sgg/investigate.pose,en,sgg,0,0,investigate,INVESTIGATE,0
sgg/crave.pose,en,sgg,0,0,crave,CRAVE,0
sgg/slice.pose,en,sgg,0,0,slice,SLICE,0
sgg/brave.pose,en,sgg,0,0,brave,BRAVE,0
sgg/siren.pose,en,sgg,0,0,siren,SIREN,0
sgg/insurance.pose,en,sgg,0,0,insurance,INSURANCE,0
sgg/area.pose,en,sgg,0,0,area,AREA,0
sgg/person.pose,en,sgg,0,0,person,PERSON,0
sgg/practice.pose,en,sgg,0,0,practice,PRACTICE,0
sgg/but.pose,en,sgg,0,0,but,BUT,0
sgg/history.pose,en,sgg,0,0,history,HISTORY,0
sgg/preach.pose,en,sgg,0,0,preach,PREACH,0
sgg/present.pose,en,sgg,0,0,present,PRESENT,0
sgg/affect.pose,en,sgg,0,0,affect,AFFECT,0
sgg/free.pose,en,sgg,0,0,free,FREE,0
sgg/deer.pose,en,sgg,0,0,deer,DEER,0
sgg/cooperate.pose,en,sgg,0,0,cooperate,COOPERATE,0
sgg/thursday.pose,en,sgg,0,0,thursday,THURSDAY,0
sgg/leak.pose,en,sgg,0,0,leak,LEAK,0
sgg/pizza.pose,en,sgg,0,0,pizza,PIZZA,0
sgg/orange.pose,en,sgg,0,0,orange,ORANGE,0
sgg/washington.pose,en,sgg,0,0,washington,WASHINGTON,0
sgg/kleine.pose,en,sgg,0,0,kleine,KLEINE,0
sgg/director.pose,en,sgg,0,0,director,DIRECTOR,0
sgg/china.pose,en,sgg,0,0,china,CHINA,0
sgg/july.pose,en,sgg,0,0,july,JULY,0
sgg/barely.pose,en,sgg,0,0,barely,BARELY,0
sgg/dive.pose,en,sgg,0,0,dive,DIVE,0
sgg/praise.pose,en,sgg,0,0,praise,PRAISE,0
sgg/reduce.pose,en,sgg,0,0,reduce,REDUCE,0
sgg/and.pose,en,sgg,0,0,and,AND,0
sgg/artist.pose,en,sgg,0,0,artist,ARTIST,0
sgg/rise.pose,en,sgg,0,0,rise,RISE,0
sgg/game.pose,en,sgg,0,0,game,GAME,0
sgg/lousy.pose,en,sgg,0,0,lousy,LOUSY,0
sgg/eighteen.pose,en,sgg,0,0,eighteen,EIGHTEEN,0
sgg/champion.pose,en,sgg,0,0,champion,CHAMPION,0
sgg/brag.pose,en,sgg,0,0,brag,BRAG,0
sgg/assume.pose,en,sgg,0,0,assume,ASSUME,0
sgg/birthday.pose,en,sgg,0,0,birthday,BIRTHDAY,0
sgg/hour.pose,en,sgg,0,0,hour,HOUR,0
sgg/witness.pose,en,sgg,0,0,witness,WITNESS,0
sgg/poverty.pose,en,sgg,0,0,poverty,POVERTY,0
sgg/algebra.pose,en,sgg,0,0,algebra,ALGEBRA,0
sgg/king.pose,en,sgg,0,0,king,KING,0
sgg/approach.pose,en,sgg,0,0,approach,APPROACH,0
sgg/spring.pose,en,sgg,0,0,spring,SPRING,0
sgg/tradition.pose,en,sgg,0,0,tradition,TRADITION,0
sgg/attitude.pose,en,sgg,0,0,attitude,ATTITUDE,0
sgg/sweet.pose,en,sgg,0,0,sweet,SWEET,0
sgg/draw.pose,en,sgg,0,0,draw,DRAW,0
sgg/spirit.pose,en,sgg,0,0,spirit,SPIRIT,0
sgg/africa.pose,en,sgg,0,0,africa,AFRICA,0
sgg/active.pose,en,sgg,0,0,active,ACTIVE,0
sgg/left.pose,en,sgg,0,0,left,LEFT,0
sgg/lunch.pose,en,sgg,0,0,lunch,LUNCH,0
sgg/cow.pose,en,sgg,0,0,cow,COW,0
sgg/city.pose,en,sgg,0,0,city,CITY,0
sgg/sure.pose,en,sgg,0,0,sure,SURE,0
sgg/democrat.pose,en,sgg,0,0,democrat,DEMOCRAT,0
sgg/hippopotamus.pose,en,sgg,0,0,hippopotamus,HIPPOPOTAMUS,0
sgg/authority.pose,en,sgg,0,0,authority,AUTHORITY,0
sgg/straight.pose,en,sgg,0,0,straight,STRAIGHT,0
sgg/divide.pose,en,sgg,0,0,divide,DIVIDE,0
sgg/score.pose,en,sgg,0,0,score,SCORE,0
sgg/gather.pose,en,sgg,0,0,gather,GATHER,0
sgg/front.pose,en,sgg,0,0,front,FRONT,0
sgg/philadelphia.pose,en,sgg,0,0,philadelphia,PHILADELPHIA,0
sgg/toothbrush.pose,en,sgg,0,0,toothbrush,TOOTHBRUSH,0
sgg/since.pose,en,sgg,0,0,since,SINCE,0
sgg/california.pose,en,sgg,0,0,california,CALIFORNIA,0
sgg/r.pose,en,sgg,0,0,r,R,0
sgg/land.pose,en,sgg,0,0,land,LAND,0
sgg/lift.pose,en,sgg,0,0,lift,LIFT,0
sgg/hearing aid.pose,en,sgg,0,0,hearing aid,HEARING AID,0
sgg/wide.pose,en,sgg,0,0,wide,WIDE,0
sgg/girlfriend.pose,en,sgg,0,0,girlfriend,GIRLFRIEND,0
sgg/northwest.pose,en,sgg,0,0,northwest,NORTHWEST,0
sgg/cost.pose,en,sgg,0,0,cost,COST,0
sgg/curse.pose,en,sgg,0,0,curse,CURSE,0
sgg/analyze.pose,en,sgg,0,0,analyze,ANALYZE,0
sgg/street.pose,en,sgg,0,0,street,STREET,0
sgg/monthly.pose,en,sgg,0,0,monthly,MONTHLY,0
sgg/destroy.pose,en,sgg,0,0,destroy,DESTROY,0
sgg/off.pose,en,sgg,0,0,off,OFF,0
sgg/principle.pose,en,sgg,0,0,principle,PRINCIPLE,0
sgg/breeze.pose,en,sgg,0,0,breeze,BREEZE,0
sgg/television.pose,en,sgg,0,0,television,TELEVISION,0
sgg/parachute.pose,en,sgg,0,0,parachute,PARACHUTE,0
sgg/some.pose,en,sgg,0,0,some,SOME,0
sgg/influence.pose,en,sgg,0,0,influence,INFLUENCE,0
sgg/service.pose,en,sgg,0,0,service,SERVICE,0
sgg/next.pose,en,sgg,0,0,next,NEXT,0
sgg/measure.pose,en,sgg,0,0,measure,MEASURE,0
sgg/disgusted.pose,en,sgg,0,0,disgusted,DISGUSTED,0
sgg/breakfast.pose,en,sgg,0,0,breakfast,BREAKFAST,0
sgg/wow.pose,en,sgg,0,0,wow,WOW,0
sgg/funeral.pose,en,sgg,0,0,funeral,FUNERAL,0
sgg/coffee.pose,en,sgg,0,0,coffee,COFFEE,0
sgg/already.pose,en,sgg,0,0,already,ALREADY,0
sgg/soda.pose,en,sgg,0,0,soda,SODA,0
sgg/dye.pose,en,sgg,0,0,dye,DYE,0
sgg/money.pose,en,sgg,0,0,money,MONEY,0
sgg/german.pose,en,sgg,0,0,german,GERMAN,0
sgg/microwave.pose,en,sgg,0,0,microwave,MICROWAVE,0
sgg/g.pose,en,sgg,0,0,g,G,0
sgg/comment.pose,en,sgg,0,0,comment,COMMENT,0
sgg/similar.pose,en,sgg,0,0,similar,SIMILAR,0
sgg/which.pose,en,sgg,0,0,which,WHICH,0
sgg/glass.pose,en,sgg,0,0,glass,GLASS,0
sgg/roar.pose,en,sgg,0,0,roar,ROAR,0
sgg/player.pose,en,sgg,0,0,player,PLAYER,0
sgg/january.pose,en,sgg,0,0,january,JANUARY,0
sgg/book.pose,en,sgg,0,0,book,BOOK,0
sgg/struggle.pose,en,sgg,0,0,struggle,STRUGGLE,0
sgg/rock.pose,en,sgg,0,0,rock,ROCK,0
sgg/emergency.pose,en,sgg,0,0,emergency,EMERGENCY,0
sgg/caption.pose,en,sgg,0,0,caption,CAPTION,0
sgg/pennsylvania.pose,en,sgg,0,0,pennsylvania,PENNSYLVANIA,0
sgg/restroom.pose,en,sgg,0,0,restroom,RESTROOM,0
sgg/cloud.pose,en,sgg,0,0,cloud,CLOUD,0
sgg/notice.pose,en,sgg,0,0,notice,NOTICE,0
sgg/pumpkin.pose,en,sgg,0,0,pumpkin,PUMPKIN,0
sgg/symbol.pose,en,sgg,0,0,symbol,SYMBOL,0
sgg/thousand.pose,en,sgg,0,0,thousand,THOUSAND,0
sgg/earth.pose,en,sgg,0,0,earth,EARTH,0
sgg/socks.pose,en,sgg,0,0,socks,SOCKS,0
sgg/death.pose,en,sgg,0,0,death,DEATH,0
sgg/theory.pose,en,sgg,0,0,theory,THEORY,0
sgg/parallel.pose,en,sgg,0,0,parallel,PARALLEL,0
sgg/put off.pose,en,sgg,0,0,put off,PUT OFF,0
sgg/smell.pose,en,sgg,0,0,smell,SMELL,0
sgg/wallet.pose,en,sgg,0,0,wallet,WALLET,0
sgg/cereal.pose,en,sgg,0,0,cereal,CEREAL,0
sgg/rather.pose,en,sgg,0,0,rather,RATHER,0
sgg/actor.pose,en,sgg,0,0,actor,ACTOR,0
sgg/odor.pose,en,sgg,0,0,odor,ODOR,0
sgg/within.pose,en,sgg,0,0,within,WITHIN,0
sgg/nephew.pose,en,sgg,0,0,nephew,NEPHEW,0
sgg/league.pose,en,sgg,0,0,league,LEAGUE,0
sgg/organize.pose,en,sgg,0,0,organize,ORGANIZE,0
sgg/negotiate.pose,en,sgg,0,0,negotiate,NEGOTIATE,0
sgg/conversation.pose,en,sgg,0,0,conversation,CONVERSATION,0
sgg/teach.pose,en,sgg,0,0,teach,TEACH,0
sgg/damage.pose,en,sgg,0,0,damage,DAMAGE,0
sgg/themselves.pose,en,sgg,0,0,themselves,THEMSELVES,0
sgg/match.pose,en,sgg,0,0,match,MATCH,0
sgg/leaf.pose,en,sgg,0,0,leaf,LEAF,0
sgg/moon.pose,en,sgg,0,0,moon,MOON,0
sgg/rope.pose,en,sgg,0,0,rope,ROPE,0
sgg/gas.pose,en,sgg,0,0,gas,GAS,0
sgg/sleep.pose,en,sgg,0,0,sleep,SLEEP,0
sgg/other.pose,en,sgg,0,0,other,OTHER,0
sgg/sister.pose,en,sgg,0,0,sister,SISTER,0
sgg/united states.pose,en,sgg,0,0,united states,UNITED STATES,0
sgg/staff.pose,en,sgg,0,0,staff,STAFF,0
sgg/conquer.pose,en,sgg,0,0,conquer,CONQUER,0
sgg/chicago.pose,en,sgg,0,0,chicago,CHICAGO,0
sgg/devil.pose,en,sgg,0,0,devil,DEVIL,0
sgg/berry.pose,en,sgg,0,0,berry,BERRY,0
sgg/candidate.pose,en,sgg,0,0,candidate,CANDIDATE,0
sgg/fine.pose,en,sgg,0,0,fine,FINE,0
sgg/nineteen.pose,en,sgg,0,0,nineteen,NINETEEN,0
sgg/cat.pose,en,sgg,0,0,cat,CAT,0
sgg/kid.pose,en,sgg,0,0,kid,KID,0
sgg/old.pose,en,sgg,0,0,old,OLD,0
sgg/program.pose,en,sgg,0,0,program,PROGRAM,0
sgg/good.pose,en,sgg,0,0,good,GOOD,0
sgg/big.pose,en,sgg,0,0,big,BIG,0
sgg/appreciate.pose,en,sgg,0,0,appreciate,APPRECIATE,0
sgg/afraid.pose,en,sgg,0,0,afraid,AFRAID,0
sgg/alphabet.pose,en,sgg,0,0,alphabet,ALPHABET,0
sgg/them.pose,en,sgg,0,0,them,THEM,0
sgg/adult.pose,en,sgg,0,0,adult,ADULT,0
sgg/health.pose,en,sgg,0,0,health,HEALTH,0
sgg/chapter.pose,en,sgg,0,0,chapter,CHAPTER,0
sgg/candy.pose,en,sgg,0,0,candy,CANDY,0
sgg/seem.pose,en,sgg,0,0,seem,SEEM,0
sgg/buy.pose,en,sgg,0,0,buy,BUY,0
sgg/three.pose,en,sgg,0,0,three,THREE,0
sgg/australia.pose,en,sgg,0,0,australia,AUSTRALIA,0
sgg/hit.pose,en,sgg,0,0,hit,HIT,0
sgg/calm.pose,en,sgg,0,0,calm,CALM,0
sgg/engagement.pose,en,sgg,0,0,engagement,ENGAGEMENT,0
sgg/sofa.pose,en,sgg,0,0,sofa,SOFA,0
sgg/don't want.pose,en,sgg,0,0,don't want,DON'T WANT,0
sgg/chemistry.pose,en,sgg,0,0,chemistry,CHEMISTRY,0
sgg/education.pose,en,sgg,0,0,education,EDUCATION,0
sgg/fox.pose,en,sgg,0,0,fox,FOX,0
sgg/head.pose,en,sgg,0,0,head,HEAD,0
sgg/someone.pose,en,sgg,0,0,someone,SOMEONE,0
sgg/name.pose,en,sgg,0,0,name,NAME,0
sgg/monster.pose,en,sgg,0,0,monster,MONSTER,0
sgg/kiss.pose,en,sgg,0,0,kiss,KISS,0
sgg/fake.pose,en,sgg,0,0,fake,FAKE,0
sgg/husband.pose,en,sgg,0,0,husband,HUSBAND,0
sgg/hawaii.pose,en,sgg,0,0,hawaii,HAWAII,0
sgg/festival.pose,en,sgg,0,0,festival,FESTIVAL,0
sgg/bull.pose,en,sgg,0,0,bull,BULL,0
sgg/topic.pose,en,sgg,0,0,topic,TOPIC,0
sgg/descend.pose,en,sgg,0,0,descend,DESCEND,0
sgg/calculator.pose,en,sgg,0,0,calculator,CALCULATOR,0
sgg/bottle.pose,en,sgg,0,0,bottle,BOTTLE,0
sgg/close.pose,en,sgg,0,0,close,CLOSE,0
sgg/phrase.pose,en,sgg,0,0,phrase,PHRASE,0
sgg/karate.pose,en,sgg,0,0,karate,KARATE,0
sgg/transfer.pose,en,sgg,0,0,transfer,TRANSFER,0
sgg/common sense.pose,en,sgg,0,0,common sense,COMMON SENSE,0
sgg/little bit.pose,en,sgg,0,0,little bit,LITTLE BIT,0
sgg/possible.pose,en,sgg,0,0,possible,POSSIBLE,0
sgg/receive.pose,en,sgg,0,0,receive,RECEIVE,0
sgg/farmer.pose,en,sgg,0,0,farmer,FARMER,0
sgg/committee.pose,en,sgg,0,0,committee,COMMITTEE,0
sgg/k.pose,en,sgg,0,0,k,K,0
sgg/soft.pose,en,sgg,0,0,soft,SOFT,0
sgg/stand.pose,en,sgg,0,0,stand,STAND,0
sgg/tolerate.pose,en,sgg,0,0,tolerate,TOLERATE,0
sgg/polite.pose,en,sgg,0,0,polite,POLITE,0
sgg/live.pose,en,sgg,0,0,live,LIVE,0
sgg/fish.pose,en,sgg,0,0,fish,FISH,0
sgg/effort.pose,en,sgg,0,0,effort,EFFORT,0
sgg/plate.pose,en,sgg,0,0,plate,PLATE,0
sgg/clear.pose,en,sgg,0,0,clear,CLEAR,0
sgg/allow.pose,en,sgg,0,0,allow,ALLOW,0
sgg/discover.pose,en,sgg,0,0,discover,DISCOVER,0
sgg/ear.pose,en,sgg,0,0,ear,EAR,0
sgg/private.pose,en,sgg,0,0,private,PRIVATE,0
sgg/homework.pose,en,sgg,0,0,homework,HOMEWORK,0
sgg/blow.pose,en,sgg,0,0,blow,BLOW,0
sgg/geography.pose,en,sgg,0,0,geography,GEOGRAPHY,0
sgg/hurt.pose,en,sgg,0,0,hurt,HURT,0
sgg/sculpture.pose,en,sgg,0,0,sculpture,SCULPTURE,0
sgg/take turns.pose,en,sgg,0,0,take turns,TAKE TURNS,0
sgg/elevator.pose,en,sgg,0,0,elevator,ELEVATOR,0
sgg/explain.pose,en,sgg,0,0,explain,EXPLAIN,0
sgg/common.pose,en,sgg,0,0,common,COMMON,0
sgg/dictionary.pose,en,sgg,0,0,dictionary,DICTIONARY,0
sgg/drug.pose,en,sgg,0,0,drug,DRUG,0
sgg/wife.pose,en,sgg,0,0,wife,WIFE,0
sgg/wall.pose,en,sgg,0,0,wall,WALL,0
sgg/hamburger.pose,en,sgg,0,0,hamburger,HAMBURGER,0
sgg/postpone.pose,en,sgg,0,0,postpone,POSTPONE,0
sgg/half.pose,en,sgg,0,0,half,HALF,0
sgg/surrender.pose,en,sgg,0,0,surrender,SURRENDER,0
sgg/quality.pose,en,sgg,0,0,quality,QUALITY,0
sgg/principal.pose,en,sgg,0,0,principal,PRINCIPAL,0
sgg/also.pose,en,sgg,0,0,also,ALSO,0
sgg/sensitive.pose,en,sgg,0,0,sensitive,SENSITIVE,0
sgg/pay attention.pose,en,sgg,0,0,pay attention,PAY ATTENTION,0
sgg/weird.pose,en,sgg,0,0,weird,WEIRD,0
sgg/grandfather.pose,en,sgg,0,0,grandfather,GRANDFATHER,0
sgg/summon.pose,en,sgg,0,0,summon,SUMMON,0
sgg/firefighter.pose,en,sgg,0,0,firefighter,FIREFIGHTER,0
sgg/carnival.pose,en,sgg,0,0,carnival,CARNIVAL,0
sgg/jesus.pose,en,sgg,0,0,jesus,JESUS,0
sgg/quarrel.pose,en,sgg,0,0,quarrel,QUARREL,0
sgg/invest.pose,en,sgg,0,0,invest,INVEST,0
sgg/member.pose,en,sgg,0,0,member,MEMBER,0
sgg/cheap.pose,en,sgg,0,0,cheap,CHEAP,0
sgg/recognize.pose,en,sgg,0,0,recognize,RECOGNIZE,0
sgg/ball.pose,en,sgg,0,0,ball,BALL,0
sgg/tired.pose,en,sgg,0,0,tired,TIRED,0
sgg/rough.pose,en,sgg,0,0,rough,ROUGH,0
sgg/bed.pose,en,sgg,0,0,bed,BED,0
sgg/another.pose,en,sgg,0,0,another,ANOTHER,0
sgg/tent.pose,en,sgg,0,0,tent,TENT,0
sgg/thin.pose,en,sgg,0,0,thin,THIN,0
sgg/sticky.pose,en,sgg,0,0,sticky,STICKY,0
sgg/go.pose,en,sgg,0,0,go,GO,0
sgg/debt.pose,en,sgg,0,0,debt,DEBT,0
sgg/marry.pose,en,sgg,0,0,marry,MARRY,0
sgg/click.pose,en,sgg,0,0,click,CLICK,0
sgg/ticket.pose,en,sgg,0,0,ticket,TICKET,0
sgg/protect.pose,en,sgg,0,0,protect,PROTECT,0
sgg/thailand.pose,en,sgg,0,0,thailand,THAILAND,0
sgg/bark.pose,en,sgg,0,0,bark,BARK,0
sgg/suggest.pose,en,sgg,0,0,suggest,SUGGEST,0
sgg/reason.pose,en,sgg,0,0,reason,REASON,0
sgg/welcome.pose,en,sgg,0,0,welcome,WELCOME,0
sgg/backpack.pose,en,sgg,0,0,backpack,BACKPACK,0
sgg/still.pose,en,sgg,0,0,still,STILL,0
sgg/repeat.pose,en,sgg,0,0,repeat,REPEAT,0
sgg/impact.pose,en,sgg,0,0,impact,IMPACT,0
sgg/tie.pose,en,sgg,0,0,tie,TIE,0
sgg/art.pose,en,sgg,0,0,art,ART,0
sgg/reputation.pose,en,sgg,0,0,reputation,REPUTATION,0
sgg/clothes.pose,en,sgg,0,0,clothes,CLOTHES,0
sgg/tomorrow.pose,en,sgg,0,0,tomorrow,TOMORROW,0
sgg/vote.pose,en,sgg,0,0,vote,VOTE,0
sgg/lip.pose,en,sgg,0,0,lip,LIP,0
sgg/think.pose,en,sgg,0,0,think,THINK,0
sgg/vacant.pose,en,sgg,0,0,vacant,VACANT,0
sgg/delay.pose,en,sgg,0,0,delay,DELAY,0
sgg/salary.pose,en,sgg,0,0,salary,SALARY,0
sgg/boast.pose,en,sgg,0,0,boast,BOAST,0
sgg/stomach.pose,en,sgg,0,0,stomach,STOMACH,0
sgg/skeleton.pose,en,sgg,0,0,skeleton,SKELETON,0
sgg/grandmother.pose,en,sgg,0,0,grandmother,GRANDMOTHER,0
sgg/then.pose,en,sgg,0,0,then,THEN,0
sgg/girl.pose,en,sgg,0,0,girl,GIRL,0
sgg/pet.pose,en,sgg,0,0,pet,PET,0
sgg/spain.pose,en,sgg,0,0,spain,SPAIN,0
sgg/canada.pose,en,sgg,0,0,canada,CANADA,0
sgg/snow.pose,en,sgg,0,0,snow,SNOW,0
sgg/egypt.pose,en,sgg,0,0,egypt,EGYPT,0
sgg/shopping.pose,en,sgg,0,0,shopping,SHOPPING,0
sgg/cough.pose,en,sgg,0,0,cough,COUGH,0
sgg/point.pose,en,sgg,0,0,point,POINT,0
sgg/neutral.pose,en,sgg,0,0,neutral,NEUTRAL,0
sgg/wind.pose,en,sgg,0,0,wind,WIND,0
sgg/mouth.pose,en,sgg,0,0,mouth,MOUTH,0
sgg/congratulations.pose,en,sgg,0,0,congratulations,CONGRATULATIONS,0
sgg/gamble.pose,en,sgg,0,0,gamble,GAMBLE,0
sgg/bribe.pose,en,sgg,0,0,bribe,BRIBE,0
sgg/sunshine.pose,en,sgg,0,0,sunshine,SUNSHINE,0
sgg/hold.pose,en,sgg,0,0,hold,HOLD,0
sgg/heart.pose,en,sgg,0,0,heart,HEART,0
sgg/race.pose,en,sgg,0,0,race,RACE,0
sgg/camel.pose,en,sgg,0,0,camel,CAMEL,0
sgg/fat.pose,en,sgg,0,0,fat,FAT,0
sgg/fork.pose,en,sgg,0,0,fork,FORK,0
sgg/prepare.pose,en,sgg,0,0,prepare,PREPARE,0
sgg/nothing.pose,en,sgg,0,0,nothing,NOTHING,0
sgg/bookstore.pose,en,sgg,0,0,bookstore,BOOKSTORE,0
sgg/network.pose,en,sgg,0,0,network,NETWORK,0
sgg/body.pose,en,sgg,0,0,body,BODY,0
sgg/train.pose,en,sgg,0,0,train,TRAIN,0
sgg/biology.pose,en,sgg,0,0,biology,BIOLOGY,0
sgg/add.pose,en,sgg,0,0,add,ADD,0
sgg/watch.pose,en,sgg,0,0,watch,WATCH,0
sgg/radio.pose,en,sgg,0,0,radio,RADIO,0
sgg/on.pose,en,sgg,0,0,on,ON,0
sgg/stay.pose,en,sgg,0,0,stay,STAY,0
sgg/short.pose,en,sgg,0,0,short,SHORT,0
sgg/accountant.pose,en,sgg,0,0,accountant,ACCOUNTANT,0
sgg/nervous.pose,en,sgg,0,0,nervous,NERVOUS,0
sgg/place.pose,en,sgg,0,0,place,PLACE,0
sgg/interest.pose,en,sgg,0,0,interest,INTEREST,0
sgg/happy.pose,en,sgg,0,0,happy,HAPPY,0
sgg/mountain.pose,en,sgg,0,0,mountain,MOUNTAIN,0
sgg/catholic.pose,en,sgg,0,0,catholic,CATHOLIC,0
sgg/turn.pose,en,sgg,0,0,turn,TURN,0
sgg/physics.pose,en,sgg,0,0,physics,PHYSICS,0
sgg/list.pose,en,sgg,0,0,list,LIST,0
sgg/happen.pose,en,sgg,0,0,happen,HAPPEN,0
sgg/careless.pose,en,sgg,0,0,careless,CARELESS,0
sgg/cracker.pose,en,sgg,0,0,cracker,CRACKER,0
sgg/police.pose,en,sgg,0,0,police,POLICE,0
sgg/gasoline.pose,en,sgg,0,0,gasoline,GASOLINE,0
sgg/potato.pose,en,sgg,0,0,potato,POTATO,0
sgg/boyfriend.pose,en,sgg,0,0,boyfriend,BOYFRIEND,0
sgg/hear.pose,en,sgg,0,0,hear,HEAR,0
sgg/h.pose,en,sgg,0,0,h,H,0
sgg/cuba.pose,en,sgg,0,0,cuba,CUBA,0
sgg/speak.pose,en,sgg,0,0,speak,SPEAK,0
sgg/memorize.pose,en,sgg,0,0,memorize,MEMORIZE,0
sgg/separate.pose,en,sgg,0,0,separate,SEPARATE,0
sgg/progress.pose,en,sgg,0,0,progress,PROGRESS,0
sgg/schedule.pose,en,sgg,0,0,schedule,SCHEDULE,0
sgg/against.pose,en,sgg,0,0,against,AGAINST,0
sgg/maybe.pose,en,sgg,0,0,maybe,MAYBE,0
sgg/visitor.pose,en,sgg,0,0,visitor,VISITOR,0
sgg/publish.pose,en,sgg,0,0,publish,PUBLISH,0
sgg/right.pose,en,sgg,0,0,right,RIGHT,0
sgg/skirt.pose,en,sgg,0,0,skirt,SKIRT,0
sgg/pray.pose,en,sgg,0,0,pray,PRAY,0
sgg/manage.pose,en,sgg,0,0,manage,MANAGE,0
sgg/ring.pose,en,sgg,0,0,ring,RING,0
sgg/tonight.pose,en,sgg,0,0,tonight,TONIGHT,0
sgg/title.pose,en,sgg,0,0,title,TITLE,0
sgg/pursue.pose,en,sgg,0,0,pursue,PURSUE,0
sgg/hockey.pose,en,sgg,0,0,hockey,HOCKEY,0
sgg/melt.pose,en,sgg,0,0,melt,MELT,0
sgg/support.pose,en,sgg,0,0,support,SUPPORT,0
sgg/snack.pose,en,sgg,0,0,snack,SNACK,0
sgg/license.pose,en,sgg,0,0,license,LICENSE,0
sgg/dusk.pose,en,sgg,0,0,dusk,DUSK,0
sgg/pillow.pose,en,sgg,0,0,pillow,PILLOW,0
sgg/stitch.pose,en,sgg,0,0,stitch,STITCH,0
sgg/europe.pose,en,sgg,0,0,europe,EUROPE,0
sgg/river.pose,en,sgg,0,0,river,RIVER,0
sgg/relate.pose,en,sgg,0,0,relate,RELATE,0
sgg/pilot.pose,en,sgg,0,0,pilot,PILOT,0
sgg/yesterday.pose,en,sgg,0,0,yesterday,YESTERDAY,0
sgg/gymnastics.pose,en,sgg,0,0,gymnastics,GYMNASTICS,0
sgg/accomplish.pose,en,sgg,0,0,accomplish,ACCOMPLISH,0
sgg/curriculum.pose,en,sgg,0,0,curriculum,CURRICULUM,0
sgg/cake.pose,en,sgg,0,0,cake,CAKE,0
sgg/lie.pose,en,sgg,0,0,lie,LIE,0
sgg/promise.pose,en,sgg,0,0,promise,PROMISE,0
sgg/attend.pose,en,sgg,0,0,attend,ATTEND,0
sgg/chase.pose,en,sgg,0,0,chase,CHASE,0
sgg/snob.pose,en,sgg,0,0,snob,SNOB,0
sgg/beg.pose,en,sgg,0,0,beg,BEG,0
sgg/weigh.pose,en,sgg,0,0,weigh,WEIGH,0
sgg/great.pose,en,sgg,0,0,great,GREAT,0
sgg/wood.pose,en,sgg,0,0,wood,WOOD,0
sgg/rat.pose,en,sgg,0,0,rat,RAT,0
sgg/every tuesday.pose,en,sgg,0,0,every tuesday,EVERY TUESDAY,0
sgg/here.pose,en,sgg,0,0,here,HERE,0
sgg/instead.pose,en,sgg,0,0,instead,INSTEAD,0
sgg/compete.pose,en,sgg,0,0,compete,COMPETE,0
sgg/leader.pose,en,sgg,0,0,leader,LEADER,0
sgg/table.pose,en,sgg,0,0,table,TABLE,0
sgg/thing.pose,en,sgg,0,0,thing,THING,0
sgg/our.pose,en,sgg,0,0,our,OUR,0
sgg/beginning.pose,en,sgg,0,0,beginning,BEGINNING,0
sgg/sleepy.pose,en,sgg,0,0,sleepy,SLEEPY,0
sgg/quit.pose,en,sgg,0,0,quit,QUIT,0
sgg/cause.pose,en,sgg,0,0,cause,CAUSE,0
sgg/interrupt.pose,en,sgg,0,0,interrupt,INTERRUPT,0
sgg/kangaroo.pose,en,sgg,0,0,kangaroo,KANGAROO,0
sgg/deep.pose,en,sgg,0,0,deep,DEEP,0
sgg/rob.pose,en,sgg,0,0,rob,ROB,0
sgg/remove.pose,en,sgg,0,0,remove,REMOVE,0
sgg/peace.pose,en,sgg,0,0,peace,PEACE,0
sgg/predict.pose,en,sgg,0,0,predict,PREDICT,0
sgg/swimsuit.pose,en,sgg,0,0,swimsuit,SWIMSUIT,0
sgg/pass.pose,en,sgg,0,0,pass,PASS,0
sgg/conflict.pose,en,sgg,0,0,conflict,CONFLICT,0
sgg/obtain.pose,en,sgg,0,0,obtain,OBTAIN,0
sgg/salt.pose,en,sgg,0,0,salt,SALT,0
sgg/choice.pose,en,sgg,0,0,choice,CHOICE,0
sgg/tissue.pose,en,sgg,0,0,tissue,TISSUE,0
sgg/baby.pose,en,sgg,0,0,baby,BABY,0
sgg/care.pose,en,sgg,0,0,care,CARE,0
sgg/shampoo.pose,en,sgg,0,0,shampoo,SHAMPOO,0
sgg/federal.pose,en,sgg,0,0,federal,FEDERAL,0
sgg/journey.pose,en,sgg,0,0,journey,JOURNEY,0
sgg/spoon.pose,en,sgg,0,0,spoon,SPOON,0
sgg/verb.pose,en,sgg,0,0,verb,VERB,0
sgg/waste.pose,en,sgg,0,0,waste,WASTE,0
sgg/lesbian.pose,en,sgg,0,0,lesbian,LESBIAN,0
sgg/opinion.pose,en,sgg,0,0,opinion,OPINION,0
sgg/piano.pose,en,sgg,0,0,piano,PIANO,0
sgg/mix.pose,en,sgg,0,0,mix,MIX,0
sgg/electricity.pose,en,sgg,0,0,electricity,ELECTRICITY,0
sgg/snake.pose,en,sgg,0,0,snake,SNAKE,0
sgg/due.pose,en,sgg,0,0,due,DUE,0
sgg/q.pose,en,sgg,0,0,q,Q,0
sgg/category.pose,en,sgg,0,0,category,CATEGORY,0
sgg/psychologist.pose,en,sgg,0,0,psychologist,PSYCHOLOGIST,0
sgg/expect.pose,en,sgg,0,0,expect,EXPECT,0
sgg/a lot.pose,en,sgg,0,0,a lot,A LOT,0
sgg/swallow.pose,en,sgg,0,0,swallow,SWALLOW,0
sgg/describe.pose,en,sgg,0,0,describe,DESCRIBE,0
sgg/temperature.pose,en,sgg,0,0,temperature,TEMPERATURE,0
sgg/culture.pose,en,sgg,0,0,culture,CULTURE,0
sgg/heavy.pose,en,sgg,0,0,heavy,HEAVY,0
sgg/road.pose,en,sgg,0,0,road,ROAD,0
sgg/meaning.pose,en,sgg,0,0,meaning,MEANING,0
sgg/you.pose,en,sgg,0,0,you,YOU,0
sgg/soap.pose,en,sgg,0,0,soap,SOAP,0
sgg/should.pose,en,sgg,0,0,should,SHOULD,0
sgg/inform.pose,en,sgg,0,0,inform,INFORM,0
sgg/caterpillar.pose,en,sgg,0,0,caterpillar,CATERPILLAR,0
sgg/depressed.pose,en,sgg,0,0,depressed,DEPRESSED,0
sgg/pay.pose,en,sgg,0,0,pay,PAY,0
sgg/buffalo.pose,en,sgg,0,0,buffalo,BUFFALO,0
sgg/sign.pose,en,sgg,0,0,sign,SIGN,0
sgg/waterfall.pose,en,sgg,0,0,waterfall,WATERFALL,0
sgg/exhibit.pose,en,sgg,0,0,exhibit,EXHIBIT,0
sgg/singer.pose,en,sgg,0,0,singer,SINGER,0
sgg/cry.pose,en,sgg,0,0,cry,CRY,0
sgg/whale.pose,en,sgg,0,0,whale,WHALE,0
sgg/wash face.pose,en,sgg,0,0,wash face,WASH FACE,0
sgg/strawberry.pose,en,sgg,0,0,strawberry,STRAWBERRY,0
sgg/invite.pose,en,sgg,0,0,invite,INVITE,0
sgg/headache.pose,en,sgg,0,0,headache,HEADACHE,0
sgg/d.pose,en,sgg,0,0,d,D,0
sgg/dead.pose,en,sgg,0,0,dead,DEAD,0
sgg/public.pose,en,sgg,0,0,public,PUBLIC,0
sgg/both.pose,en,sgg,0,0,both,BOTH,0
sgg/through.pose,en,sgg,0,0,through,THROUGH,0
sgg/price.pose,en,sgg,0,0,price,PRICE,0
sgg/ignore.pose,en,sgg,0,0,ignore,IGNORE,0
sgg/lipstick.pose,en,sgg,0,0,lipstick,LIPSTICK,0
sgg/experiment.pose,en,sgg,0,0,experiment,EXPERIMENT,0
sgg/hurry.pose,en,sgg,0,0,hurry,HURRY,0
sgg/wedding.pose,en,sgg,0,0,wedding,WEDDING,0
sgg/elephant.pose,en,sgg,0,0,elephant,ELEPHANT,0
sgg/ask.pose,en,sgg,0,0,ask,ASK,0
sgg/eagle.pose,en,sgg,0,0,eagle,EAGLE,0
sgg/wrench.pose,en,sgg,0,0,wrench,WRENCH,0
sgg/article.pose,en,sgg,0,0,article,ARTICLE,0
sgg/come.pose,en,sgg,0,0,come,COME,0
sgg/where.pose,en,sgg,0,0,where,WHERE,0
sgg/scissors.pose,en,sgg,0,0,scissors,SCISSORS,0
sgg/include.pose,en,sgg,0,0,include,INCLUDE,0
sgg/complain.pose,en,sgg,0,0,complain,COMPLAIN,0
sgg/department.pose,en,sgg,0,0,department,DEPARTMENT,0
sgg/day.pose,en,sgg,0,0,day,DAY,0
sgg/halloween.pose,en,sgg,0,0,halloween,HALLOWEEN,0
sgg/recent.pose,en,sgg,0,0,recent,RECENT,0
sgg/tale.pose,en,sgg,0,0,tale,TALE,0
sgg/research.pose,en,sgg,0,0,research,RESEARCH,0
sgg/diploma.pose,en,sgg,0,0,diploma,DIPLOMA,0
sgg/develop.pose,en,sgg,0,0,develop,DEVELOP,0
sgg/arm.pose,en,sgg,0,0,arm,ARM,0
sgg/blanket.pose,en,sgg,0,0,blanket,BLANKET,0
sgg/regular.pose,en,sgg,0,0,regular,REGULAR,0
sgg/murder.pose,en,sgg,0,0,murder,MURDER,0
sgg/explode.pose,en,sgg,0,0,explode,EXPLODE,0
sgg/lemon.pose,en,sgg,0,0,lemon,LEMON,0
sgg/soul.pose,en,sgg,0,0,soul,SOUL,0
sgg/greece.pose,en,sgg,0,0,greece,GREECE,0
sgg/aim.pose,en,sgg,0,0,aim,AIM,0
sgg/motivate.pose,en,sgg,0,0,motivate,MOTIVATE,0
sgg/toilet.pose,en,sgg,0,0,toilet,TOILET,0
sgg/can.pose,en,sgg,0,0,can,CAN,0
sgg/introduce.pose,en,sgg,0,0,introduce,INTRODUCE,0
sgg/ride.pose,en,sgg,0,0,ride,RIDE,0
sgg/duty.pose,en,sgg,0,0,duty,DUTY,0
sgg/hard of hearing.pose,en,sgg,0,0,hard of hearing,HARD OF HEARING,0
sgg/plenty.pose,en,sgg,0,0,plenty,PLENTY,0
sgg/document.pose,en,sgg,0,0,document,DOCUMENT,0
sgg/print.pose,en,sgg,0,0,print,PRINT,0
sgg/discuss.pose,en,sgg,0,0,discuss,DISCUSS,0
sgg/in.pose,en,sgg,0,0,in,IN,0
sgg/tournament.pose,en,sgg,0,0,tournament,TOURNAMENT,0
sgg/testify.pose,en,sgg,0,0,testify,TESTIFY,0
sgg/attention.pose,en,sgg,0,0,attention,ATTENTION,0
sgg/time.pose,en,sgg,0,0,time,TIME,0
sgg/iran.pose,en,sgg,0,0,iran,IRAN,0
sgg/believe.pose,en,sgg,0,0,believe,BELIEVE,0
sgg/up.pose,en,sgg,0,0,up,UP,0
sgg/stress.pose,en,sgg,0,0,stress,STRESS,0
sgg/bacon.pose,en,sgg,0,0,bacon,BACON,0
sgg/quote.pose,en,sgg,0,0,quote,QUOTE,0
sgg/clumsy.pose,en,sgg,0,0,clumsy,CLUMSY,0
sgg/elementary.pose,en,sgg,0,0,elementary,ELEMENTARY,0
sgg/upset.pose,en,sgg,0,0,upset,UPSET,0
sgg/pretty.pose,en,sgg,0,0,pretty,PRETTY,0
sgg/robot.pose,en,sgg,0,0,robot,ROBOT,0
sgg/military.pose,en,sgg,0,0,military,MILITARY,0
sgg/sentence.pose,en,sgg,0,0,sentence,SENTENCE,0
sgg/hello.pose,en,sgg,0,0,hello,HELLO,0
sgg/furniture.pose,en,sgg,0,0,furniture,FURNITURE,0
sgg/drama.pose,en,sgg,0,0,drama,DRAMA,0
sgg/friend.pose,en,sgg,0,0,friend,FRIEND,0
sgg/drunk.pose,en,sgg,0,0,drunk,DRUNK,0
sgg/church.pose,en,sgg,0,0,church,CHURCH,0
sgg/shoot.pose,en,sgg,0,0,shoot,SHOOT,0
sgg/guilty.pose,en,sgg,0,0,guilty,GUILTY,0
sgg/last week.pose,en,sgg,0,0,last week,LAST WEEK,0
sgg/loan.pose,en,sgg,0,0,loan,LOAN,0
sgg/tuesday.pose,en,sgg,0,0,tuesday,TUESDAY,0
sgg/eyeglasses.pose,en,sgg,0,0,eyeglasses,EYEGLASSES,0
sgg/opposite.pose,en,sgg,0,0,opposite,OPPOSITE,0
sgg/later.pose,en,sgg,0,0,later,LATER,0
sgg/motorcycle.pose,en,sgg,0,0,motorcycle,MOTORCYCLE,0
sgg/fight.pose,en,sgg,0,0,fight,FIGHT,0
sgg/concentrate.pose,en,sgg,0,0,concentrate,CONCENTRATE,0
sgg/morning.pose,en,sgg,0,0,morning,MORNING,0
sgg/presentation.pose,en,sgg,0,0,presentation,PRESENTATION,0
sgg/long.pose,en,sgg,0,0,long,LONG,0
sgg/computer.pose,en,sgg,0,0,computer,COMPUTER,0
sgg/chain.pose,en,sgg,0,0,chain,CHAIN,0
sgg/how.pose,en,sgg,0,0,how,HOW,0
sgg/screwdriver.pose,en,sgg,0,0,screwdriver,SCREWDRIVER,0
sgg/lobster.pose,en,sgg,0,0,lobster,LOBSTER,0
sgg/robber.pose,en,sgg,0,0,robber,ROBBER,0
sgg/back.pose,en,sgg,0,0,back,BACK,0
sgg/e.pose,en,sgg,0,0,e,E,0
sgg/certificate.pose,en,sgg,0,0,certificate,CERTIFICATE,0
sgg/fence.pose,en,sgg,0,0,fence,FENCE,0
sgg/burp.pose,en,sgg,0,0,burp,BURP,0
sgg/promote.pose,en,sgg,0,0,promote,PROMOTE,0
sgg/tv.pose,en,sgg,0,0,tv,TV,0
sgg/ill.pose,en,sgg,0,0,ill,ILL,0
sgg/prevent.pose,en,sgg,0,0,prevent,PREVENT,0
sgg/lettuce.pose,en,sgg,0,0,lettuce,LETTUCE,0
sgg/camp.pose,en,sgg,0,0,camp,CAMP,0
sgg/start.pose,en,sgg,0,0,start,START,0
sgg/wrap.pose,en,sgg,0,0,wrap,WRAP,0
sgg/cabbage.pose,en,sgg,0,0,cabbage,CABBAGE,0
sgg/alcohol.pose,en,sgg,0,0,alcohol,ALCOHOL,0
sgg/telephone.pose,en,sgg,0,0,telephone,TELEPHONE,0
sgg/highway.pose,en,sgg,0,0,highway,HIGHWAY,0
sgg/borrow.pose,en,sgg,0,0,borrow,BORROW,0
sgg/potential.pose,en,sgg,0,0,potential,POTENTIAL,0
sgg/ireland.pose,en,sgg,0,0,ireland,IRELAND,0
sgg/towel.pose,en,sgg,0,0,towel,TOWEL,0
sgg/replace.pose,en,sgg,0,0,replace,REPLACE,0
sgg/neighbor.pose,en,sgg,0,0,neighbor,NEIGHBOR,0
sgg/cannot.pose,en,sgg,0,0,cannot,CANNOT,0
sgg/institute.pose,en,sgg,0,0,institute,INSTITUTE,0
sgg/microphone.pose,en,sgg,0,0,microphone,MICROPHONE,0
sgg/joke.pose,en,sgg,0,0,joke,JOKE,0
sgg/punish.pose,en,sgg,0,0,punish,PUNISH,0
sgg/bath.pose,en,sgg,0,0,bath,BATH,0
sgg/button.pose,en,sgg,0,0,button,BUTTON,0
sgg/hang up.pose,en,sgg,0,0,hang up,HANG UP,0
sgg/complete.pose,en,sgg,0,0,complete,COMPLETE,0
sgg/top.pose,en,sgg,0,0,top,TOP,0
sgg/behind.pose,en,sgg,0,0,behind,BEHIND,0
sgg/swimming.pose,en,sgg,0,0,swimming,SWIMMING,0
sgg/p.pose,en,sgg,0,0,p,P,0
sgg/lucky.pose,en,sgg,0,0,lucky,LUCKY,0
sgg/command.pose,en,sgg,0,0,command,COMMAND,0
sgg/apostrophe.pose,en,sgg,0,0,apostrophe,APOSTROPHE,0
sgg/rescue.pose,en,sgg,0,0,rescue,RESCUE,0
sgg/part.pose,en,sgg,0,0,part,PART,0
sgg/word.pose,en,sgg,0,0,word,WORD,0
sgg/catch.pose,en,sgg,0,0,catch,CATCH,0
sgg/exaggerate.pose,en,sgg,0,0,exaggerate,EXAGGERATE,0
sgg/peaceful.pose,en,sgg,0,0,peaceful,PEACEFUL,0
sgg/shy.pose,en,sgg,0,0,shy,SHY,0
sgg/underwear.pose,en,sgg,0,0,underwear,UNDERWEAR,0
sgg/engage.pose,en,sgg,0,0,engage,ENGAGE,0
sgg/senate.pose,en,sgg,0,0,senate,SENATE,0
sgg/deny.pose,en,sgg,0,0,deny,DENY,0
sgg/library.pose,en,sgg,0,0,library,LIBRARY,0
sgg/card.pose,en,sgg,0,0,card,CARD,0
sgg/christ.pose,en,sgg,0,0,christ,CHRIST,0
sgg/side.pose,en,sgg,0,0,side,SIDE,0
sgg/deodorant.pose,en,sgg,0,0,deodorant,DEODORANT,0
sgg/construct.pose,en,sgg,0,0,construct,CONSTRUCT,0
sgg/sign language.pose,en,sgg,0,0,sign language,SIGN LANGUAGE,0
sgg/suffer.pose,en,sgg,0,0,suffer,SUFFER,0
sgg/consider.pose,en,sgg,0,0,consider,CONSIDER,0
sgg/triangle.pose,en,sgg,0,0,triangle,TRIANGLE,0
sgg/ceiling.pose,en,sgg,0,0,ceiling,CEILING,0
sgg/island.pose,en,sgg,0,0,island,ISLAND,0
sgg/boots.pose,en,sgg,0,0,boots,BOOTS,0
sgg/cemetery.pose,en,sgg,0,0,cemetery,CEMETERY,0
sgg/weather.pose,en,sgg,0,0,weather,WEATHER,0
sgg/again.pose,en,sgg,0,0,again,AGAIN,0
sgg/create.pose,en,sgg,0,0,create,CREATE,0
sgg/october.pose,en,sgg,0,0,october,OCTOBER,0
sgg/gossip.pose,en,sgg,0,0,gossip,GOSSIP,0
sgg/mainstream.pose,en,sgg,0,0,mainstream,MAINSTREAM,0
sgg/man.pose,en,sgg,0,0,man,MAN,0
sgg/fast.pose,en,sgg,0,0,fast,FAST,0
sgg/enough.pose,en,sgg,0,0,enough,ENOUGH,0
sgg/two.pose,en,sgg,0,0,two,TWO,0
sgg/lightning.pose,en,sgg,0,0,lightning,LIGHTNING,0
sgg/your.pose,en,sgg,0,0,your,YOUR,0
sgg/count.pose,en,sgg,0,0,count,COUNT,0
sgg/establish.pose,en,sgg,0,0,establish,ESTABLISH,0
sgg/accept.pose,en,sgg,0,0,accept,ACCEPT,0
sgg/ago.pose,en,sgg,0,0,ago,AGO,0
sgg/tennis.pose,en,sgg,0,0,tennis,TENNIS,0
sgg/we.pose,en,sgg,0,0,we,WE,0
sgg/olympics.pose,en,sgg,0,0,olympics,OLYMPICS,0
sgg/quiet.pose,en,sgg,0,0,quiet,QUIET,0
sgg/vampire.pose,en,sgg,0,0,vampire,VAMPIRE,0
sgg/bring.pose,en,sgg,0,0,bring,BRING,0
sgg/vice president.pose,en,sgg,0,0,vice president,VICE PRESIDENT,0
sgg/bottom.pose,en,sgg,0,0,bottom,BOTTOM,0
sgg/professor.pose,en,sgg,0,0,professor,PROFESSOR,0
sgg/uncle.pose,en,sgg,0,0,uncle,UNCLE,0
sgg/commit.pose,en,sgg,0,0,commit,COMMIT,0
sgg/forget.pose,en,sgg,0,0,forget,FORGET,0
sgg/boxing.pose,en,sgg,0,0,boxing,BOXING,0
sgg/earthquake.pose,en,sgg,0,0,earthquake,EARTHQUAKE,0
sgg/battle.pose,en,sgg,0,0,battle,BATTLE,0
sgg/ridiculous.pose,en,sgg,0,0,ridiculous,RIDICULOUS,0
sgg/fingerspell.pose,en,sgg,0,0,fingerspell,FINGERSPELL,0
sgg/dorm.pose,en,sgg,0,0,dorm,DORM,0
sgg/shrimp.pose,en,sgg,0,0,shrimp,SHRIMP,0
sgg/check.pose,en,sgg,0,0,check,CHECK,0
sgg/away.pose,en,sgg,0,0,away,AWAY,0
sgg/seldom.pose,en,sgg,0,0,seldom,SELDOM,0
sgg/hearing.pose,en,sgg,0,0,hearing,HEARING,0
sgg/coach.pose,en,sgg,0,0,coach,COACH,0
sgg/address.pose,en,sgg,0,0,address,ADDRESS,0
sgg/face.pose,en,sgg,0,0,face,FACE,0
sgg/agenda.pose,en,sgg,0,0,agenda,AGENDA,0
sgg/monkey.pose,en,sgg,0,0,monkey,MONKEY,0
sgg/recommend.pose,en,sgg,0,0,recommend,RECOMMEND,0
sgg/light.pose,en,sgg,0,0,light,LIGHT,0
sgg/twin.pose,en,sgg,0,0,twin,TWIN,0
sgg/popcorn.pose,en,sgg,0,0,popcorn,POPCORN,0
sgg/hat.pose,en,sgg,0,0,hat,HAT,0
sgg/express.pose,en,sgg,0,0,express,EXPRESS,0
sgg/celebrate.pose,en,sgg,0,0,celebrate,CELEBRATE,0
sgg/obsess.pose,en,sgg,0,0,obsess,OBSESS,0
sgg/slow.pose,en,sgg,0,0,slow,SLOW,0
sgg/electrician.pose,en,sgg,0,0,electrician,ELECTRICIAN,0
sgg/swing.pose,en,sgg,0,0,swing,SWING,0
sgg/haircut.pose,en,sgg,0,0,haircut,HAIRCUT,0
sgg/deliver.pose,en,sgg,0,0,deliver,DELIVER,0
sgg/wake up.pose,en,sgg,0,0,wake up,WAKE UP,0
sgg/bully.pose,en,sgg,0,0,bully,BULLY,0
sgg/structure.pose,en,sgg,0,0,structure,STRUCTURE,0
sgg/refuse.pose,en,sgg,0,0,refuse,REFUSE,0
sgg/florida.pose,en,sgg,0,0,florida,FLORIDA,0
sgg/odd.pose,en,sgg,0,0,odd,ODD,0
sgg/nun.pose,en,sgg,0,0,nun,NUN,0
sgg/shop.pose,en,sgg,0,0,shop,SHOP,0
sgg/gum.pose,en,sgg,0,0,gum,GUM,0
sgg/early.pose,en,sgg,0,0,early,EARLY,0
sgg/watermelon.pose,en,sgg,0,0,watermelon,WATERMELON,0
sgg/torture.pose,en,sgg,0,0,torture,TORTURE,0
sgg/secretary.pose,en,sgg,0,0,secretary,SECRETARY,0
sgg/i.pose,en,sgg,0,0,i,I,0
sgg/wish.pose,en,sgg,0,0,wish,WISH,0
sgg/skinny.pose,en,sgg,0,0,skinny,SKINNY,0
sgg/new york.pose,en,sgg,0,0,new york,NEW YORK,0
sgg/whistle.pose,en,sgg,0,0,whistle,WHISTLE,0
sgg/vacation.pose,en,sgg,0,0,vacation,VACATION,0
sgg/hurricane.pose,en,sgg,0,0,hurricane,HURRICANE,0
sgg/available.pose,en,sgg,0,0,available,AVAILABLE,0
sgg/doctor.pose,en,sgg,0,0,doctor,DOCTOR,0
sgg/army.pose,en,sgg,0,0,army,ARMY,0
sgg/enter.pose,en,sgg,0,0,enter,ENTER,0
sgg/sing.pose,en,sgg,0,0,sing,SING,0
sgg/sad.pose,en,sgg,0,0,sad,SAD,0
sgg/couch.pose,en,sgg,0,0,couch,COUCH,0
sgg/roof.pose,en,sgg,0,0,roof,ROOF,0
sgg/someday.pose,en,sgg,0,0,someday,SOMEDAY,0
sgg/famous.pose,en,sgg,0,0,famous,FAMOUS,0
sgg/wristwatch.pose,en,sgg,0,0,wristwatch,WRISTWATCH,0
sgg/jump.pose,en,sgg,0,0,jump,JUMP,0
sgg/dissolve.pose,en,sgg,0,0,dissolve,DISSOLVE,0
sgg/suspend.pose,en,sgg,0,0,suspend,SUSPEND,0
sgg/listen.pose,en,sgg,0,0,listen,LISTEN,0
sgg/limit.pose,en,sgg,0,0,limit,LIMIT,0
sgg/inspire.pose,en,sgg,0,0,inspire,INSPIRE,0
sgg/bar.pose,en,sgg,0,0,bar,BAR,0
sgg/interpreter.pose,en,sgg,0,0,interpreter,INTERPRETER,0
sgg/enormous.pose,en,sgg,0,0,enormous,ENORMOUS,0
sgg/pneumonia.pose,en,sgg,0,0,pneumonia,PNEUMONIA,0
sgg/anniversary.pose,en,sgg,0,0,anniversary,ANNIVERSARY,0
sgg/than.pose,en,sgg,0,0,than,THAN,0
sgg/accident.pose,en,sgg,0,0,accident,ACCIDENT,0
sgg/sandwich.pose,en,sgg,0,0,sandwich,SANDWICH,0
sgg/class.pose,en,sgg,0,0,class,CLASS,0
sgg/diamond.pose,en,sgg,0,0,diamond,DIAMOND,0
sgg/story.pose,en,sgg,0,0,story,STORY,0
sgg/binoculars.pose,en,sgg,0,0,binoculars,BINOCULARS,0
sgg/author.pose,en,sgg,0,0,author,AUTHOR,0
sgg/volleyball.pose,en,sgg,0,0,volleyball,VOLLEYBALL,0
sgg/south.pose,en,sgg,0,0,south,SOUTH,0
sgg/release.pose,en,sgg,0,0,release,RELEASE,0
sgg/profit.pose,en,sgg,0,0,profit,PROFIT,0
sgg/to.pose,en,sgg,0,0,to,TO,0
sgg/honey.pose,en,sgg,0,0,honey,HONEY,0
sgg/carry.pose,en,sgg,0,0,carry,CARRY,0
sgg/detective.pose,en,sgg,0,0,detective,DETECTIVE,0
sgg/white.pose,en,sgg,0,0,white,WHITE,0
sgg/austria.pose,en,sgg,0,0,austria,AUSTRIA,0
sgg/sheep.pose,en,sgg,0,0,sheep,SHEEP,0
sgg/worthless.pose,en,sgg,0,0,worthless,WORTHLESS,0
sgg/pour.pose,en,sgg,0,0,pour,POUR,0
sgg/former.pose,en,sgg,0,0,former,FORMER,0
sgg/see.pose,en,sgg,0,0,see,SEE,0
sgg/wine.pose,en,sgg,0,0,wine,WINE,0
sgg/peach.pose,en,sgg,0,0,peach,PEACH,0
sgg/family.pose,en,sgg,0,0,family,FAMILY,0
sgg/amputate.pose,en,sgg,0,0,amputate,AMPUTATE,0
sgg/prostitute.pose,en,sgg,0,0,prostitute,PROSTITUTE,0
sgg/individual.pose,en,sgg,0,0,individual,INDIVIDUAL,0
sgg/dice.pose,en,sgg,0,0,dice,DICE,0
sgg/bright.pose,en,sgg,0,0,bright,BRIGHT,0
sgg/learn.pose,en,sgg,0,0,learn,LEARN,0
sgg/danger.pose,en,sgg,0,0,danger,DANGER,0
sgg/suspect.pose,en,sgg,0,0,suspect,SUSPECT,0
sgg/cute.pose,en,sgg,0,0,cute,CUTE,0
sgg/percent.pose,en,sgg,0,0,percent,PERCENT,0
sgg/archery.pose,en,sgg,0,0,archery,ARCHERY,0
sgg/pocket.pose,en,sgg,0,0,pocket,POCKET,0
sgg/mom.pose,en,sgg,0,0,mom,MOM,0
sgg/full.pose,en,sgg,0,0,full,FULL,0
sgg/rage.pose,en,sgg,0,0,rage,RAGE,0
sgg/correct.pose,en,sgg,0,0,correct,CORRECT,0
sgg/energy.pose,en,sgg,0,0,energy,ENERGY,0
sgg/brochure.pose,en,sgg,0,0,brochure,BROCHURE,0
sgg/bake.pose,en,sgg,0,0,bake,BAKE,0
sgg/stretch.pose,en,sgg,0,0,stretch,STRETCH,0
sgg/plant.pose,en,sgg,0,0,plant,PLANT,0
sgg/lead.pose,en,sgg,0,0,lead,LEAD,0
sgg/yourself.pose,en,sgg,0,0,yourself,YOURSELF,0
sgg/sweden.pose,en,sgg,0,0,sweden,SWEDEN,0
sgg/out.pose,en,sgg,0,0,out,OUT,0
sgg/oral.pose,en,sgg,0,0,oral,ORAL,0
sgg/mustache.pose,en,sgg,0,0,mustache,MUSTACHE,0
sgg/all day.pose,en,sgg,0,0,all day,ALL DAY,0
sgg/milk.pose,en,sgg,0,0,milk,MILK,0
sgg/improve.pose,en,sgg,0,0,improve,IMPROVE,0
sgg/permit.pose,en,sgg,0,0,permit,PERMIT,0
sgg/pregnant.pose,en,sgg,0,0,pregnant,PREGNANT,0
sgg/build.pose,en,sgg,0,0,build,BUILD,0
sgg/contract.pose,en,sgg,0,0,contract,CONTRACT,0
sgg/february.pose,en,sgg,0,0,february,FEBRUARY,0
sgg/rich.pose,en,sgg,0,0,rich,RICH,0
sgg/heaven.pose,en,sgg,0,0,heaven,HEAVEN,0
sgg/comfortable.pose,en,sgg,0,0,comfortable,COMFORTABLE,0
sgg/beside.pose,en,sgg,0,0,beside,BESIDE,0
sgg/babysitter.pose,en,sgg,0,0,babysitter,BABYSITTER,0
sgg/debate.pose,en,sgg,0,0,debate,DEBATE,0
sgg/every monday.pose,en,sgg,0,0,every monday,EVERY MONDAY,0
sgg/bicycle.pose,en,sgg,0,0,bicycle,BICYCLE,0
sgg/dress.pose,en,sgg,0,0,dress,DRESS,0
sgg/six.pose,en,sgg,0,0,six,SIX,0
sgg/tomato.pose,en,sgg,0,0,tomato,TOMATO,0
sgg/size.pose,en,sgg,0,0,size,SIZE,0
sgg/anatomy.pose,en,sgg,0,0,anatomy,ANATOMY,0
sgg/drink.pose,en,sgg,0,0,drink,DRINK,0
sgg/science.pose,en,sgg,0,0,science,SCIENCE,0
sgg/local.pose,en,sgg,0,0,local,LOCAL,0
sgg/liability.pose,en,sgg,0,0,liability,LIABILITY,0
sgg/pencil.pose,en,sgg,0,0,pencil,PENCIL,0
sgg/compare.pose,en,sgg,0,0,compare,COMPARE,0
sgg/audiologist.pose,en,sgg,0,0,audiologist,AUDIOLOGIST,0
sgg/freeze.pose,en,sgg,0,0,freeze,FREEZE,0
sgg/clean.pose,en,sgg,0,0,clean,CLEAN,0
sgg/hate.pose,en,sgg,0,0,hate,HATE,0
sgg/wrong.pose,en,sgg,0,0,wrong,WRONG,0
sgg/w.pose,en,sgg,0,0,w,W,0
sgg/convince.pose,en,sgg,0,0,convince,CONVINCE,0
sgg/boat.pose,en,sgg,0,0,boat,BOAT,0
sgg/wheelchair.pose,en,sgg,0,0,wheelchair,WHEELCHAIR,0
sgg/country.pose,en,sgg,0,0,country,COUNTRY,0
sgg/room.pose,en,sgg,0,0,room,ROOM,0
sgg/skill.pose,en,sgg,0,0,skill,SKILL,0
sgg/cut.pose,en,sgg,0,0,cut,CUT,0
sgg/why.pose,en,sgg,0,0,why,WHY,0
sgg/please.pose,en,sgg,0,0,please,PLEASE,0
sgg/balloon.pose,en,sgg,0,0,balloon,BALLOON,0
sgg/necessary.pose,en,sgg,0,0,necessary,NECESSARY,0
sgg/dining room.pose,en,sgg,0,0,dining room,DINING ROOM,0
sgg/sometimes.pose,en,sgg,0,0,sometimes,SOMETIMES,0
sgg/vegetable.pose,en,sgg,0,0,vegetable,VEGETABLE,0
sgg/tree.pose,en,sgg,0,0,tree,TREE,0
sgg/feed.pose,en,sgg,0,0,feed,FEED,0
sgg/with.pose,en,sgg,0,0,with,WITH,0
sgg/deposit.pose,en,sgg,0,0,deposit,DEPOSIT,0
sgg/dinosaur.pose,en,sgg,0,0,dinosaur,DINOSAUR,0
sgg/mechanic.pose,en,sgg,0,0,mechanic,MECHANIC,0
sgg/pity.pose,en,sgg,0,0,pity,PITY,0
sgg/arrest.pose,en,sgg,0,0,arrest,ARREST,0
sgg/important.pose,en,sgg,0,0,important,IMPORTANT,0
sgg/specific.pose,en,sgg,0,0,specific,SPECIFIC,0
sgg/august.pose,en,sgg,0,0,august,AUGUST,0
sgg/vague.pose,en,sgg,0,0,vague,VAGUE,0
sgg/evaluate.pose,en,sgg,0,0,evaluate,EVALUATE,0
sgg/b.pose,en,sgg,0,0,b,B,0
sgg/infection.pose,en,sgg,0,0,infection,INFECTION,0
sgg/future.pose,en,sgg,0,0,future,FUTURE,0
sgg/advantage.pose,en,sgg,0,0,advantage,ADVANTAGE,0
sgg/fairy.pose,en,sgg,0,0,fairy,FAIRY,0
sgg/diarrhea.pose,en,sgg,0,0,diarrhea,DIARRHEA,0
sgg/join.pose,en,sgg,0,0,join,JOIN,0
sgg/violin.pose,en,sgg,0,0,violin,VIOLIN,0
sgg/throw.pose,en,sgg,0,0,throw,THROW,0
sgg/each.pose,en,sgg,0,0,each,EACH,0
sgg/waiter.pose,en,sgg,0,0,waiter,WAITER,0
sgg/april.pose,en,sgg,0,0,april,APRIL,0
sgg/commute.pose,en,sgg,0,0,commute,COMMUTE,0
sgg/hop.pose,en,sgg,0,0,hop,HOP,0
sgg/single.pose,en,sgg,0,0,single,SINGLE,0
sgg/appetite.pose,en,sgg,0,0,appetite,APPETITE,0
sgg/confused.pose,en,sgg,0,0,confused,CONFUSED,0
sgg/bear.pose,en,sgg,0,0,bear,BEAR,0
sgg/until.pose,en,sgg,0,0,until,UNTIL,0
sgg/princess.pose,en,sgg,0,0,princess,PRINCESS,0
sgg/center.pose,en,sgg,0,0,center,CENTER,0
sgg/read.pose,en,sgg,0,0,read,READ,0
sgg/settle.pose,en,sgg,0,0,settle,SETTLE,0
sgg/decorate.pose,en,sgg,0,0,decorate,DECORATE,0
sgg/mean.pose,en,sgg,0,0,mean,MEAN,0
sgg/cancel.pose,en,sgg,0,0,cancel,CANCEL,0
sgg/all.pose,en,sgg,0,0,all,ALL,0
sgg/shower.pose,en,sgg,0,0,shower,SHOWER,0
sgg/thankful.pose,en,sgg,0,0,thankful,THANKFUL,0
sgg/kindergarten.pose,en,sgg,0,0,kindergarten,KINDERGARTEN,0
sgg/post.pose,en,sgg,0,0,post,POST,0
sgg/butter.pose,en,sgg,0,0,butter,BUTTER,0
sgg/rabbit.pose,en,sgg,0,0,rabbit,RABBIT,0
sgg/concern.pose,en,sgg,0,0,concern,CONCERN,0
sgg/puzzled.pose,en,sgg,0,0,puzzled,PUZZLED,0
sgg/message.pose,en,sgg,0,0,message,MESSAGE,0
sgg/horse.pose,en,sgg,0,0,horse,HORSE,0
sgg/fool.pose,en,sgg,0,0,fool,FOOL,0
sgg/proof.pose,en,sgg,0,0,proof,PROOF,0
sgg/tease.pose,en,sgg,0,0,tease,TEASE,0
sgg/wear.pose,en,sgg,0,0,wear,WEAR,0
sgg/closet.pose,en,sgg,0,0,closet,CLOSET,0
sgg/camping.pose,en,sgg,0,0,camping,CAMPING,0
sgg/basic.pose,en,sgg,0,0,basic,BASIC,0
sgg/sorry.pose,en,sgg,0,0,sorry,SORRY,0
sgg/drag.pose,en,sgg,0,0,drag,DRAG,0
sgg/referee.pose,en,sgg,0,0,referee,REFEREE,0
sgg/hope.pose,en,sgg,0,0,hope,HOPE,0
sgg/relief.pose,en,sgg,0,0,relief,RELIEF,0
sgg/surgeon.pose,en,sgg,0,0,surgeon,SURGEON,0
sgg/nickel.pose,en,sgg,0,0,nickel,NICKEL,0
sgg/laugh.pose,en,sgg,0,0,laugh,LAUGH,0
sgg/cousin.pose,en,sgg,0,0,cousin,COUSIN,0
sgg/party.pose,en,sgg,0,0,party,PARTY,0
sgg/environment.pose,en,sgg,0,0,environment,ENVIRONMENT,0
sgg/community.pose,en,sgg,0,0,community,COMMUNITY,0
sgg/allergy.pose,en,sgg,0,0,allergy,ALLERGY,0
sgg/fancy.pose,en,sgg,0,0,fancy,FANCY,0
sgg/town.pose,en,sgg,0,0,town,TOWN,0
sgg/always.pose,en,sgg,0,0,always,ALWAYS,0
sgg/rent.pose,en,sgg,0,0,rent,RENT,0
sgg/dancer.pose,en,sgg,0,0,dancer,DANCER,0
sgg/grey.pose,en,sgg,0,0,grey,GREY,0
sgg/dark.pose,en,sgg,0,0,dark,DARK,0
sgg/bush.pose,en,sgg,0,0,bush,BUSH,0
sgg/angel.pose,en,sgg,0,0,angel,ANGEL,0
sgg/bet.pose,en,sgg,0,0,bet,BET,0
sgg/tend.pose,en,sgg,0,0,tend,TEND,0
sgg/admire.pose,en,sgg,0,0,admire,ADMIRE,0
sgg/appropriate.pose,en,sgg,0,0,appropriate,APPROPRIATE,0
sgg/weak.pose,en,sgg,0,0,weak,WEAK,0
sgg/everything.pose,en,sgg,0,0,everything,EVERYTHING,0
sgg/sit.pose,en,sgg,0,0,sit,SIT,0
sgg/precious.pose,en,sgg,0,0,precious,PRECIOUS,0
sgg/apartment.pose,en,sgg,0,0,apartment,APARTMENT,0
sgg/team.pose,en,sgg,0,0,team,TEAM,0
sgg/far.pose,en,sgg,0,0,far,FAR,0
sgg/form.pose,en,sgg,0,0,form,FORM,0
sgg/reply.pose,en,sgg,0,0,reply,REPLY,0
sgg/desert.pose,en,sgg,0,0,desert,DESERT,0
sgg/bike.pose,en,sgg,0,0,bike,BIKE,0
sgg/image.pose,en,sgg,0,0,image,IMAGE,0
sgg/bless.pose,en,sgg,0,0,bless,BLESS,0
sgg/skunk.pose,en,sgg,0,0,skunk,SKUNK,0
sgg/many.pose,en,sgg,0,0,many,MANY,0
sgg/grow.pose,en,sgg,0,0,grow,GROW,0
sgg/must.pose,en,sgg,0,0,must,MUST,0
sgg/wonderful.pose,en,sgg,0,0,wonderful,WONDERFUL,0
sgg/when.pose,en,sgg,0,0,when,WHEN,0
sgg/terrible.pose,en,sgg,0,0,terrible,TERRIBLE,0
sgg/gallaudet.pose,en,sgg,0,0,gallaudet,GALLAUDET,0
sgg/slave.pose,en,sgg,0,0,slave,SLAVE,0
sgg/mosquito.pose,en,sgg,0,0,mosquito,MOSQUITO,0
sgg/woman.pose,en,sgg,0,0,woman,WOMAN,0
sgg/weekly.pose,en,sgg,0,0,weekly,WEEKLY,0
sgg/christian.pose,en,sgg,0,0,christian,CHRISTIAN,0
sgg/shelf.pose,en,sgg,0,0,shelf,SHELF,0
sgg/run.pose,en,sgg,0,0,run,RUN,0
sgg/weekend.pose,en,sgg,0,0,weekend,WEEKEND,0
sgg/stop.pose,en,sgg,0,0,stop,STOP,0
sgg/easy.pose,en,sgg,0,0,easy,EASY,0
sgg/finance.pose,en,sgg,0,0,finance,FINANCE,0
sgg/interpret.pose,en,sgg,0,0,interpret,INTERPRET,0
sgg/lesson.pose,en,sgg,0,0,lesson,LESSON,0
sgg/get up.pose,en,sgg,0,0,get up,GET UP,0
sgg/crocodile.pose,en,sgg,0,0,crocodile,CROCODILE,0
sgg/phone.pose,en,sgg,0,0,phone,PHONE,0
sgg/text.pose,en,sgg,0,0,text,TEXT,0
sgg/france.pose,en,sgg,0,0,france,FRANCE,0
sgg/sequence.pose,en,sgg,0,0,sequence,SEQUENCE,0
sgg/understand.pose,en,sgg,0,0,understand,UNDERSTAND,0
sgg/n.pose,en,sgg,0,0,n,N,0
sgg/carrot.pose,en,sgg,0,0,carrot,CARROT,0
sgg/fail.pose,en,sgg,0,0,fail,FAIL,0
sgg/order.pose,en,sgg,0,0,order,ORDER,0
sgg/voice.pose,en,sgg,0,0,voice,VOICE,0
sgg/penalty.pose,en,sgg,0,0,penalty,PENALTY,0
sgg/dirty.pose,en,sgg,0,0,dirty,DIRTY,0
sgg/tongue.pose,en,sgg,0,0,tongue,TONGUE,0
sgg/israel.pose,en,sgg,0,0,israel,ISRAEL,0
sgg/curtain.pose,en,sgg,0,0,curtain,CURTAIN,0
sgg/smile.pose,en,sgg,0,0,smile,SMILE,0
sgg/door.pose,en,sgg,0,0,door,DOOR,0
sgg/fourth.pose,en,sgg,0,0,fourth,FOURTH,0
sgg/show.pose,en,sgg,0,0,show,SHOW,0
sgg/offer.pose,en,sgg,0,0,offer,OFFER,0
sgg/have.pose,en,sgg,0,0,have,HAVE,0
sgg/kick.pose,en,sgg,0,0,kick,KICK,0
sgg/envelope.pose,en,sgg,0,0,envelope,ENVELOPE,0
sgg/tower.pose,en,sgg,0,0,tower,TOWER,0
sgg/miss.pose,en,sgg,0,0,miss,MISS,0
sgg/chance.pose,en,sgg,0,0,chance,CHANCE,0
sgg/page.pose,en,sgg,0,0,page,PAGE,0
sgg/warn.pose,en,sgg,0,0,warn,WARN,0
sgg/dull.pose,en,sgg,0,0,dull,DULL,0
sgg/without.pose,en,sgg,0,0,without,WITHOUT,0
sgg/football.pose,en,sgg,0,0,football,FOOTBALL,0
sgg/children.pose,en,sgg,0,0,children,CHILDREN,0
sgg/answer.pose,en,sgg,0,0,answer,ANSWER,0
sgg/quick.pose,en,sgg,0,0,quick,QUICK,0
sgg/safe.pose,en,sgg,0,0,safe,SAFE,0
sgg/wash.pose,en,sgg,0,0,wash,WASH,0
sgg/russia.pose,en,sgg,0,0,russia,RUSSIA,0
sgg/court.pose,en,sgg,0,0,court,COURT,0
sgg/dance.pose,en,sgg,0,0,dance,DANCE,0
sgg/play.pose,en,sgg,0,0,play,PLAY,0
sgg/maximum.pose,en,sgg,0,0,maximum,MAXIMUM,0
sgg/below.pose,en,sgg,0,0,below,BELOW,0
sgg/viewpoint.pose,en,sgg,0,0,viewpoint,VIEWPOINT,0
sgg/mature.pose,en,sgg,0,0,mature,MATURE,0
sgg/rooster.pose,en,sgg,0,0,rooster,ROOSTER,0
sgg/seven.pose,en,sgg,0,0,seven,SEVEN,0
sgg/design.pose,en,sgg,0,0,design,DESIGN,0
sgg/pause.pose,en,sgg,0,0,pause,PAUSE,0
sgg/sell.pose,en,sgg,0,0,sell,SELL,0
sgg/hard.pose,en,sgg,0,0,hard,HARD,0
sgg/any.pose,en,sgg,0,0,any,ANY,0
sgg/corn.pose,en,sgg,0,0,corn,CORN,0
sgg/shirt.pose,en,sgg,0,0,shirt,SHIRT,0
sgg/mouse.pose,en,sgg,0,0,mouse,MOUSE,0
sgg/continue.pose,en,sgg,0,0,continue,CONTINUE,0
sgg/cafeteria.pose,en,sgg,0,0,cafeteria,CAFETERIA,0
sgg/fun.pose,en,sgg,0,0,fun,FUN,0
sgg/anyway.pose,en,sgg,0,0,anyway,ANYWAY,0
sgg/cover.pose,en,sgg,0,0,cover,COVER,0
sgg/pickle.pose,en,sgg,0,0,pickle,PICKLE,0
sgg/appear.pose,en,sgg,0,0,appear,APPEAR,0
sgg/emotion.pose,en,sgg,0,0,emotion,EMOTION,0
sgg/subway.pose,en,sgg,0,0,subway,SUBWAY,0
sgg/activity.pose,en,sgg,0,0,activity,ACTIVITY,0
sgg/scream.pose,en,sgg,0,0,scream,SCREAM,0
sgg/multiply.pose,en,sgg,0,0,multiply,MULTIPLY,0
sgg/accent.pose,en,sgg,0,0,accent,ACCENT,0
sgg/linguistics.pose,en,sgg,0,0,linguistics,LINGUISTICS,0
sgg/mother.pose,en,sgg,0,0,mother,MOTHER,0
sgg/talent.pose,en,sgg,0,0,talent,TALENT,0
sgg/her.pose,en,sgg,0,0,her,HER,0
sgg/swim.pose,en,sgg,0,0,swim,SWIM,0
sgg/sew.pose,en,sgg,0,0,sew,SEW,0
sgg/transform.pose,en,sgg,0,0,transform,TRANSFORM,0
sgg/doll.pose,en,sgg,0,0,doll,DOLL,0
sgg/sky.pose,en,sgg,0,0,sky,SKY,0
sgg/exercise.pose,en,sgg,0,0,exercise,EXERCISE,0
sgg/need.pose,en,sgg,0,0,need,NEED,0
sgg/dollar.pose,en,sgg,0,0,dollar,DOLLAR,0
sgg/vlog.pose,en,sgg,0,0,vlog,VLOG,0
sgg/laptop.pose,en,sgg,0,0,laptop,LAPTOP,0
sgg/autumn.pose,en,sgg,0,0,autumn,AUTUMN,0
sgg/involve.pose,en,sgg,0,0,involve,INVOLVE,0
sgg/alone.pose,en,sgg,0,0,alone,ALONE,0
sgg/change.pose,en,sgg,0,0,change,CHANGE,0
sgg/procrastinate.pose,en,sgg,0,0,procrastinate,PROCRASTINATE,0
sgg/control.pose,en,sgg,0,0,control,CONTROL,0
sgg/dvd.pose,en,sgg,0,0,dvd,DVD,0
sgg/lecture.pose,en,sgg,0,0,lecture,LECTURE,0
sgg/let.pose,en,sgg,0,0,let,LET,0
sgg/excited.pose,en,sgg,0,0,excited,EXCITED,0
sgg/look for.pose,en,sgg,0,0,look for,LOOK FOR,0
sgg/school.pose,en,sgg,0,0,school,SCHOOL,0
sgg/bone.pose,en,sgg,0,0,bone,BONE,0
sgg/child.pose,en,sgg,0,0,child,CHILD,0
sgg/cheat.pose,en,sgg,0,0,cheat,CHEAT,0
sgg/umbrella.pose,en,sgg,0,0,umbrella,UMBRELLA,0
sgg/hammer.pose,en,sgg,0,0,hammer,HAMMER,0
sgg/tea.pose,en,sgg,0,0,tea,TEA,0
sgg/rely.pose,en,sgg,0,0,rely,RELY,0
sgg/honest.pose,en,sgg,0,0,honest,HONEST,0
sgg/review.pose,en,sgg,0,0,review,REVIEW,0
sgg/myself.pose,en,sgg,0,0,myself,MYSELF,0
sgg/thank you.pose,en,sgg,0,0,thank you,THANK YOU,0
sgg/tooth.pose,en,sgg,0,0,tooth,TOOTH,0
sgg/song.pose,en,sgg,0,0,song,SONG,0
sgg/sting.pose,en,sgg,0,0,sting,STING,0
sgg/scan.pose,en,sgg,0,0,scan,SCAN,0
sgg/sauce.pose,en,sgg,0,0,sauce,SAUCE,0
sgg/minute.pose,en,sgg,0,0,minute,MINUTE,0
sgg/type.pose,en,sgg,0,0,type,TYPE,0
sgg/over.pose,en,sgg,0,0,over,OVER,0
sgg/farm.pose,en,sgg,0,0,farm,FARM,0
sgg/machine.pose,en,sgg,0,0,machine,MACHINE,0
sgg/jealous.pose,en,sgg,0,0,jealous,JEALOUS,0
sgg/amazing.pose,en,sgg,0,0,amazing,AMAZING,0
sgg/saw.pose,en,sgg,0,0,saw,SAW,0
sgg/garage.pose,en,sgg,0,0,garage,GARAGE,0
sgg/butterfly.pose,en,sgg,0,0,butterfly,BUTTERFLY,0
sgg/gang.pose,en,sgg,0,0,gang,GANG,0
sgg/comma.pose,en,sgg,0,0,comma,COMMA,0
sgg/government.pose,en,sgg,0,0,government,GOVERNMENT,0
sgg/me.pose,en,sgg,0,0,me,ME,0
sgg/theater.pose,en,sgg,0,0,theater,THEATER,0
sgg/attorney.pose,en,sgg,0,0,attorney,ATTORNEY,0
sgg/die.pose,en,sgg,0,0,die,DIE,0
sgg/not yet.pose,en,sgg,0,0,not yet,NOT YET,0
sgg/operate.pose,en,sgg,0,0,operate,OPERATE,0
sgg/people.pose,en,sgg,0,0,people,PEOPLE,0
sgg/habit.pose,en,sgg,0,0,habit,HABIT,0
sgg/problem.pose,en,sgg,0,0,problem,PROBLEM,0
sgg/moose.pose,en,sgg,0,0,moose,MOOSE,0
sgg/essen.pose,en,sgg,0,0,essen,ESSEN,0
sgg/therefore.pose,en,sgg,0,0,therefore,THEREFORE,0
sgg/determine.pose,en,sgg,0,0,determine,DETERMINE,0
sgg/finish.pose,en,sgg,0,0,finish,FINISH,0
sgg/final.pose,en,sgg,0,0,final,FINAL,0
sgg/knock.pose,en,sgg,0,0,knock,KNOCK,0
sgg/throat.pose,en,sgg,0,0,throat,THROAT,0
sgg/snowman.pose,en,sgg,0,0,snowman,SNOWMAN,0
sgg/o.pose,en,sgg,0,0,o,O,0
sgg/much.pose,en,sgg,0,0,much,MUCH,0
sgg/agree.pose,en,sgg,0,0,agree,AGREE,0
sgg/innocent.pose,en,sgg,0,0,innocent,INNOCENT,0
sgg/never.pose,en,sgg,0,0,never,NEVER,0
sgg/week.pose,en,sgg,0,0,week,WEEK,0
sgg/society.pose,en,sgg,0,0,society,SOCIETY,0
sgg/baseball.pose,en,sgg,0,0,baseball,BASEBALL,0
sgg/gorilla.pose,en,sgg,0,0,gorilla,GORILLA,0
sgg/jacket.pose,en,sgg,0,0,jacket,JACKET,0
sgg/independent.pose,en,sgg,0,0,independent,INDEPENDENT,0
sgg/four.pose,en,sgg,0,0,four,FOUR,0
sgg/internet.pose,en,sgg,0,0,internet,INTERNET,0
sgg/pride.pose,en,sgg,0,0,pride,PRIDE,0
sgg/glasses.pose,en,sgg,0,0,glasses,GLASSES,0
sgg/remote control.pose,en,sgg,0,0,remote control,REMOTE CONTROL,0
sgg/herself.pose,en,sgg,0,0,herself,HERSELF,0
sgg/adjective.pose,en,sgg,0,0,adjective,ADJECTIVE,0
sgg/fault.pose,en,sgg,0,0,fault,FAULT,0
sgg/rehearse.pose,en,sgg,0,0,rehearse,REHEARSE,0
sgg/finally.pose,en,sgg,0,0,finally,FINALLY,0
sgg/calculus.pose,en,sgg,0,0,calculus,CALCULUS,0
sgg/almost.pose,en,sgg,0,0,almost,ALMOST,0
sgg/freeway.pose,en,sgg,0,0,freeway,FREEWAY,0
sgg/gray.pose,en,sgg,0,0,gray,GRAY,0
sgg/flood.pose,en,sgg,0,0,flood,FLOOD,0
sgg/feedback.pose,en,sgg,0,0,feedback,FEEDBACK,0
sgg/their.pose,en,sgg,0,0,their,THEIR,0
sgg/guide.pose,en,sgg,0,0,guide,GUIDE,0
sgg/tornado.pose,en,sgg,0,0,tornado,TORNADO,0
sgg/strong.pose,en,sgg,0,0,strong,STRONG,0
sgg/home.pose,en,sgg,0,0,home,HOME,0
sgg/desk.pose,en,sgg,0,0,desk,DESK,0
sgg/dinner.pose,en,sgg,0,0,dinner,DINNER,0
sgg/label.pose,en,sgg,0,0,label,LABEL,0
sgg/breakdown.pose,en,sgg,0,0,breakdown,BREAKDOWN,0
sgg/adjust.pose,en,sgg,0,0,adjust,ADJUST,0
sgg/america.pose,en,sgg,0,0,america,AMERICA,0
sgg/tobacco.pose,en,sgg,0,0,tobacco,TOBACCO,0
sgg/pull.pose,en,sgg,0,0,pull,PULL,0
sgg/remember.pose,en,sgg,0,0,remember,REMEMBER,0
sgg/chocolate.pose,en,sgg,0,0,chocolate,CHOCOLATE,0
sgg/bite.pose,en,sgg,0,0,bite,BITE,0
sgg/letter.pose,en,sgg,0,0,letter,LETTER,0
sgg/priest.pose,en,sgg,0,0,priest,PRIEST,0
sgg/sour.pose,en,sgg,0,0,sour,SOUR,0
sgg/window.pose,en,sgg,0,0,window,WINDOW,0
sgg/last.pose,en,sgg,0,0,last,LAST,0
sgg/help.pose,en,sgg,0,0,help,HELP,0
sgg/drop.pose,en,sgg,0,0,drop,DROP,0
sgg/pie.pose,en,sgg,0,0,pie,PIE,0
sgg/flute.pose,en,sgg,0,0,flute,FLUTE,0
sgg/announce.pose,en,sgg,0,0,announce,ANNOUNCE,0
sgg/legal.pose,en,sgg,0,0,legal,LEGAL,0
sgg/take.pose,en,sgg,0,0,take,TAKE,0
sgg/sweater.pose,en,sgg,0,0,sweater,SWEATER,0
sgg/retreat.pose,en,sgg,0,0,retreat,RETREAT,0
sgg/perfect.pose,en,sgg,0,0,perfect,PERFECT,0
sgg/graduation.pose,en,sgg,0,0,graduation,GRADUATION,0
sgg/poor.pose,en,sgg,0,0,poor,POOR,0
sgg/inside.pose,en,sgg,0,0,inside,INSIDE,0
sgg/most.pose,en,sgg,0,0,most,MOST,0
sgg/mad.pose,en,sgg,0,0,mad,MAD,0
sgg/heart attack.pose,en,sgg,0,0,heart attack,HEART ATTACK,0
sgg/less.pose,en,sgg,0,0,less,LESS,0
sgg/ready.pose,en,sgg,0,0,ready,READY,0
sgg/no.pose,en,sgg,0,0,no,NO,0
sgg/guess.pose,en,sgg,0,0,guess,GUESS,0
sgg/fishing.pose,en,sgg,0,0,fishing,FISHING,0
sgg/spin.pose,en,sgg,0,0,spin,SPIN,0
sgg/educate.pose,en,sgg,0,0,educate,EDUCATE,0
sgg/beer.pose,en,sgg,0,0,beer,BEER,0
sgg/picture.pose,en,sgg,0,0,picture,PICTURE,0
sgg/winter.pose,en,sgg,0,0,winter,WINTER,0
sgg/world.pose,en,sgg,0,0,world,WORLD,0
sgg/bald.pose,en,sgg,0,0,bald,BALD,0
sgg/napkin.pose,en,sgg,0,0,napkin,NAPKIN,0
sgg/cigarette.pose,en,sgg,0,0,cigarette,CIGARETTE,0
sgg/age.pose,en,sgg,0,0,age,AGE,0
sgg/email.pose,en,sgg,0,0,email,EMAIL,0
sgg/recover.pose,en,sgg,0,0,recover,RECOVER,0
sgg/bread.pose,en,sgg,0,0,bread,BREAD,0
sgg/pants.pose,en,sgg,0,0,pants,PANTS,0
sgg/angle.pose,en,sgg,0,0,angle,ANGLE,0
sgg/mirror.pose,en,sgg,0,0,mirror,MIRROR,0
sgg/goodbye.pose,en,sgg,0,0,goodbye,GOODBYE,0
sgg/spider.pose,en,sgg,0,0,spider,SPIDER,0
sgg/cold.pose,en,sgg,0,0,cold,COLD,0
sgg/collect.pose,en,sgg,0,0,collect,COLLECT,0
sgg/pepper.pose,en,sgg,0,0,pepper,PEPPER,0
sgg/average.pose,en,sgg,0,0,average,AVERAGE,0
sgg/secret.pose,en,sgg,0,0,secret,SECRET,0
sgg/north.pose,en,sgg,0,0,north,NORTH,0
sgg/stink.pose,en,sgg,0,0,stink,STINK,0
sgg/eye.pose,en,sgg,0,0,eye,EYE,0
sgg/jewelry.pose,en,sgg,0,0,jewelry,JEWELRY,0
sgg/customer.pose,en,sgg,0,0,customer,CUSTOMER,0
sgg/crab.pose,en,sgg,0,0,crab,CRAB,0
sgg/while.pose,en,sgg,0,0,while,WHILE,0
sgg/kneel.pose,en,sgg,0,0,kneel,KNEEL,0
sgg/require.pose,en,sgg,0,0,require,REQUIRE,0
sgg/cabinet.pose,en,sgg,0,0,cabinet,CABINET,0
sgg/contact.pose,en,sgg,0,0,contact,CONTACT,0
sgg/comb.pose,en,sgg,0,0,comb,COMB,0
sgg/annoy.pose,en,sgg,0,0,annoy,ANNOY,0
sgg/asl.pose,en,sgg,0,0,asl,ASL,0
sgg/wonder.pose,en,sgg,0,0,wonder,WONDER,0
sgg/delicious.pose,en,sgg,0,0,delicious,DELICIOUS,0
sgg/coat.pose,en,sgg,0,0,coat,COAT,0
sgg/truck.pose,en,sgg,0,0,truck,TRUCK,0
sgg/become.pose,en,sgg,0,0,become,BECOME,0
sgg/overwhelm.pose,en,sgg,0,0,overwhelm,OVERWHELM,0
sgg/counsel.pose,en,sgg,0,0,counsel,COUNSEL,0
sgg/inspect.pose,en,sgg,0,0,inspect,INSPECT,0
sgg/purchase.pose,en,sgg,0,0,purchase,PURCHASE,0
sgg/gloves.pose,en,sgg,0,0,gloves,GLOVES,0
sgg/rest.pose,en,sgg,0,0,rest,REST,0
sgg/bird.pose,en,sgg,0,0,bird,BIRD,0
sgg/lawyer.pose,en,sgg,0,0,lawyer,LAWYER,0
sgg/golf.pose,en,sgg,0,0,golf,GOLF,0
sgg/else.pose,en,sgg,0,0,else,ELSE,0
sgg/volunteer.pose,en,sgg,0,0,volunteer,VOLUNTEER,0
sgg/museum.pose,en,sgg,0,0,museum,MUSEUM,0
sgg/choke.pose,en,sgg,0,0,choke,CHOKE,0
sgg/turtle.pose,en,sgg,0,0,turtle,TURTLE,0
sgg/shout.pose,en,sgg,0,0,shout,SHOUT,0
sgg/motor.pose,en,sgg,0,0,motor,MOTOR,0
sgg/corner.pose,en,sgg,0,0,corner,CORNER,0
sgg/appointment.pose,en,sgg,0,0,appointment,APPOINTMENT,0
sgg/worse.pose,en,sgg,0,0,worse,WORSE,0
sgg/squeeze.pose,en,sgg,0,0,squeeze,SQUEEZE,0
sgg/generation.pose,en,sgg,0,0,generation,GENERATION,0
sgg/responsible.pose,en,sgg,0,0,responsible,RESPONSIBLE,0
sgg/respect.pose,en,sgg,0,0,respect,RESPECT,0
sgg/visualize.pose,en,sgg,0,0,visualize,VISUALIZE,0
sgg/dirt.pose,en,sgg,0,0,dirt,DIRT,0
sgg/professional.pose,en,sgg,0,0,professional,PROFESSIONAL,0
sgg/forgive.pose,en,sgg,0,0,forgive,FORGIVE,0
sgg/star.pose,en,sgg,0,0,star,STAR,0
sgg/east.pose,en,sgg,0,0,east,EAST,0
sgg/group.pose,en,sgg,0,0,group,GROUP,0
sgg/mistake.pose,en,sgg,0,0,mistake,MISTAKE,0
sgg/airplane.pose,en,sgg,0,0,airplane,AIRPLANE,0
sgg/sunday.pose,en,sgg,0,0,sunday,SUNDAY,0
sgg/leave.pose,en,sgg,0,0,leave,LEAVE,0
sgg/basketball.pose,en,sgg,0,0,basketball,BASKETBALL,0
sgg/calculate.pose,en,sgg,0,0,calculate,CALCULATE,0
sgg/about.pose,en,sgg,0,0,about,ABOUT,0
sgg/upstairs.pose,en,sgg,0,0,upstairs,UPSTAIRS,0
sgg/except.pose,en,sgg,0,0,except,EXCEPT,0
sgg/grandma.pose,en,sgg,0,0,grandma,GRANDMA,0
sgg/perfume.pose,en,sgg,0,0,perfume,PERFUME,0
sgg/necklace.pose,en,sgg,0,0,necklace,NECKLACE,0
sgg/manager.pose,en,sgg,0,0,manager,MANAGER,0
sgg/abdomen.pose,en,sgg,0,0,abdomen,ABDOMEN,0
sgg/melody.pose,en,sgg,0,0,melody,MELODY,0
sgg/favorite.pose,en,sgg,0,0,favorite,FAVORITE,0
sgg/v.pose,en,sgg,0,0,v,V,0
sgg/truth.pose,en,sgg,0,0,truth,TRUTH,0
sgg/benefit.pose,en,sgg,0,0,benefit,BENEFIT,0
sgg/downstairs.pose,en,sgg,0,0,downstairs,DOWNSTAIRS,0
sgg/friendly.pose,en,sgg,0,0,friendly,FRIENDLY,0
sgg/hanukkah.pose,en,sgg,0,0,hanukkah,HANUKKAH,0
sgg/meeting.pose,en,sgg,0,0,meeting,MEETING,0
sgg/disappear.pose,en,sgg,0,0,disappear,DISAPPEAR,0
sgg/sore throat.pose,en,sgg,0,0,sore throat,SORE THROAT,0
sgg/giraffe.pose,en,sgg,0,0,giraffe,GIRAFFE,0
sgg/vomit.pose,en,sgg,0,0,vomit,VOMIT,0
sgg/assist.pose,en,sgg,0,0,assist,ASSIST,0
sgg/this.pose,en,sgg,0,0,this,THIS,0
sgg/battery.pose,en,sgg,0,0,battery,BATTERY,0
sgg/flag.pose,en,sgg,0,0,flag,FLAG,0
sgg/teeth.pose,en,sgg,0,0,teeth,TEETH,0
sgg/past.pose,en,sgg,0,0,past,PAST,0
sgg/sweep.pose,en,sgg,0,0,sweep,SWEEP,0
sgg/expand.pose,en,sgg,0,0,expand,EXPAND,0
sgg/slip.pose,en,sgg,0,0,slip,SLIP,0
sgg/different.pose,en,sgg,0,0,different,DIFFERENT,0
sgg/cross.pose,en,sgg,0,0,cross,CROSS,0
sgg/argue.pose,en,sgg,0,0,argue,ARGUE,0
sgg/standard.pose,en,sgg,0,0,standard,STANDARD,0
sgg/now.pose,en,sgg,0,0,now,NOW,0
sgg/photographer.pose,en,sgg,0,0,photographer,PHOTOGRAPHER,0
sgg/ghost.pose,en,sgg,0,0,ghost,GHOST,0
sgg/germany.pose,en,sgg,0,0,germany,GERMANY,0
sgg/nice.pose,en,sgg,0,0,nice,NICE,0
sgg/pink.pose,en,sgg,0,0,pink,PINK,0
sgg/grammar.pose,en,sgg,0,0,grammar,GRAMMAR,0
sgg/university.pose,en,sgg,0,0,university,UNIVERSITY,0
sgg/sound.pose,en,sgg,0,0,sound,SOUND,0
sgg/ahead.pose,en,sgg,0,0,ahead,AHEAD,0
sgg/owl.pose,en,sgg,0,0,owl,OWL,0
sgg/clueless.pose,en,sgg,0,0,clueless,CLUELESS,0
sgg/june.pose,en,sgg,0,0,june,JUNE,0
sgg/president.pose,en,sgg,0,0,president,PRESIDENT,0
sgg/process.pose,en,sgg,0,0,process,PROCESS,0
sgg/provide.pose,en,sgg,0,0,provide,PROVIDE,0
sgg/rude.pose,en,sgg,0,0,rude,RUDE,0
